2025-09-13 20:23:58,378 ERROR C:\Users\Ильназ\PycharmProjects\News_project\.venv\Lib\site-packages\django\utils\log.py Internal Server Error: /news/
(<class 'django.template.exceptions.TemplateSyntaxError'>, TemplateSyntaxError('Could not parse the remainder: \'Reset\' from \'""Reset\''), <traceback object at 0x0000014AB82F7B00>)
Traceback (most recent call last):
  File "C:\Users\Ильназ\PycharmProjects\News_project\.venv\Lib\site-packages\django\core\handlers\exception.py", line 55, in inner
    response = get_response(request)
               ^^^^^^^^^^^^^^^^^^^^^
  File "C:\Users\Ильназ\PycharmProjects\News_project\.venv\Lib\site-packages\django\core\handlers\base.py", line 220, in _get_response
    response = response.render()
               ^^^^^^^^^^^^^^^^^
  File "C:\Users\Ильназ\PycharmProjects\News_project\.venv\Lib\site-packages\django\template\response.py", line 114, in render
    self.content = self.rendered_content
                   ^^^^^^^^^^^^^^^^^^^^^
  File "C:\Users\Ильназ\PycharmProjects\News_project\.venv\Lib\site-packages\django\template\response.py", line 90, in rendered_content
    template = self.resolve_template(self.template_name)
               ^^^^^^^^^^^^^^^^^^^^^^^^^^^^^^^^^^^^^^^^^
  File "C:\Users\Ильназ\PycharmProjects\News_project\.venv\Lib\site-packages\django\template\response.py", line 72, in resolve_template
    return select_template(template, using=self.using)
           ^^^^^^^^^^^^^^^^^^^^^^^^^^^^^^^^^^^^^^^^^^^
  File "C:\Users\Ильназ\PycharmProjects\News_project\.venv\Lib\site-packages\django\template\loader.py", line 42, in select_template
    return engine.get_template(template_name)
           ^^^^^^^^^^^^^^^^^^^^^^^^^^^^^^^^^^
  File "C:\Users\Ильназ\PycharmProjects\News_project\.venv\Lib\site-packages\django\template\backends\django.py", line 79, in get_template
    return Template(self.engine.get_template(template_name), self)
                    ^^^^^^^^^^^^^^^^^^^^^^^^^^^^^^^^^^^^^^^
  File "C:\Users\Ильназ\PycharmProjects\News_project\.venv\Lib\site-packages\django\template\engine.py", line 177, in get_template
    template, origin = self.find_template(template_name)
                       ^^^^^^^^^^^^^^^^^^^^^^^^^^^^^^^^^
  File "C:\Users\Ильназ\PycharmProjects\News_project\.venv\Lib\site-packages\django\template\engine.py", line 159, in find_template
    template = loader.get_template(name, skip=skip)
               ^^^^^^^^^^^^^^^^^^^^^^^^^^^^^^^^^^^^
  File "C:\Users\Ильназ\PycharmProjects\News_project\.venv\Lib\site-packages\django\template\loaders\cached.py", line 57, in get_template
    template = super().get_template(template_name, skip)
               ^^^^^^^^^^^^^^^^^^^^^^^^^^^^^^^^^^^^^^^^^
  File "C:\Users\Ильназ\PycharmProjects\News_project\.venv\Lib\site-packages\django\template\loaders\base.py", line 28, in get_template
    return Template(
           ^^^^^^^^^
  File "C:\Users\Ильназ\PycharmProjects\News_project\.venv\Lib\site-packages\django\template\base.py", line 154, in __init__
    self.nodelist = self.compile_nodelist()
                    ^^^^^^^^^^^^^^^^^^^^^^^
  File "C:\Users\Ильназ\PycharmProjects\News_project\.venv\Lib\site-packages\django\template\base.py", line 196, in compile_nodelist
    nodelist = parser.parse()
               ^^^^^^^^^^^^^^
  File "C:\Users\Ильназ\PycharmProjects\News_project\.venv\Lib\site-packages\django\template\base.py", line 518, in parse
    raise self.error(token, e)
  File "C:\Users\Ильназ\PycharmProjects\News_project\.venv\Lib\site-packages\django\template\base.py", line 516, in parse
    compiled_result = compile_func(self, token)
                      ^^^^^^^^^^^^^^^^^^^^^^^^^
  File "C:\Users\Ильназ\PycharmProjects\News_project\.venv\Lib\site-packages\django\template\loader_tags.py", line 299, in do_extends
    nodelist = parser.parse()
               ^^^^^^^^^^^^^^
  File "C:\Users\Ильназ\PycharmProjects\News_project\.venv\Lib\site-packages\django\template\base.py", line 518, in parse
    raise self.error(token, e)
  File "C:\Users\Ильназ\PycharmProjects\News_project\.venv\Lib\site-packages\django\template\base.py", line 516, in parse
    compiled_result = compile_func(self, token)
                      ^^^^^^^^^^^^^^^^^^^^^^^^^
  File "C:\Users\Ильназ\PycharmProjects\News_project\.venv\Lib\site-packages\django\template\loader_tags.py", line 234, in do_block
    nodelist = parser.parse(("endblock",))
               ^^^^^^^^^^^^^^^^^^^^^^^^^^^
  File "C:\Users\Ильназ\PycharmProjects\News_project\.venv\Lib\site-packages\django\template\base.py", line 518, in parse
    raise self.error(token, e)
  File "C:\Users\Ильназ\PycharmProjects\News_project\.venv\Lib\site-packages\django\template\base.py", line 516, in parse
    compiled_result = compile_func(self, token)
                      ^^^^^^^^^^^^^^^^^^^^^^^^^
  File "C:\Users\Ильназ\PycharmProjects\News_project\.venv\Lib\site-packages\django\templatetags\i18n.py", line 403, in do_translate
    message_string = parser.compile_filter(bits[1])
                     ^^^^^^^^^^^^^^^^^^^^^^^^^^^^^^
  File "C:\Users\Ильназ\PycharmProjects\News_project\.venv\Lib\site-packages\django\template\base.py", line 609, in compile_filter
    return FilterExpression(token, self)
           ^^^^^^^^^^^^^^^^^^^^^^^^^^^^^
  File "C:\Users\Ильназ\PycharmProjects\News_project\.venv\Lib\site-packages\django\template\base.py", line 710, in __init__
    raise TemplateSyntaxError(
django.template.exceptions.TemplateSyntaxError: Could not parse the remainder: 'Reset' from '""Reset'
2025-09-13 20:23:58,381 ERROR C:\Users\Ильназ\PycharmProjects\News_project\.venv\Lib\site-packages\django\core\servers\basehttp.py "GET /news/?title__icontains=&username=&date_after= HTTP/1.1" 500 278530
None
2025-09-13 21:09:05,029 ERROR C:\Users\Ильназ\PycharmProjects\News_project\.venv\Lib\site-packages\django\utils\log.py Internal Server Error: /news/
(<class 'TypeError'>, TypeError("pgettext() missing 1 required positional argument: 'message'"), <traceback object at 0x00000218A956E880>)
Traceback (most recent call last):
  File "C:\Users\Ильназ\PycharmProjects\News_project\.venv\Lib\site-packages\django\utils\hashable.py", line 20, in make_hashable
    hash(value)
TypeError: unhashable type: 'list'

During handling of the above exception, another exception occurred:

Traceback (most recent call last):
  File "C:\Users\Ильназ\PycharmProjects\News_project\.venv\Lib\site-packages\django\utils\hashable.py", line 20, in make_hashable
    hash(value)
  File "C:\Users\Ильназ\PycharmProjects\News_project\.venv\Lib\site-packages\django\utils\functional.py", line 152, in __hash__
    return hash(self.__cast())
                ^^^^^^^^^^^^^
  File "C:\Users\Ильназ\PycharmProjects\News_project\.venv\Lib\site-packages\django\utils\functional.py", line 110, in __cast
    return func(*self._args, **self._kw)
           ^^^^^^^^^^^^^^^^^^^^^^^^^^^^^
TypeError: pgettext() missing 1 required positional argument: 'message'

During handling of the above exception, another exception occurred:

Traceback (most recent call last):
  File "C:\Users\Ильназ\PycharmProjects\News_project\.venv\Lib\site-packages\django\utils\hashable.py", line 20, in make_hashable
    hash(value)
  File "C:\Users\Ильназ\PycharmProjects\News_project\.venv\Lib\site-packages\django\utils\functional.py", line 152, in __hash__
    return hash(self.__cast())
                ^^^^^^^^^^^^^
  File "C:\Users\Ильназ\PycharmProjects\News_project\.venv\Lib\site-packages\django\utils\functional.py", line 110, in __cast
    return func(*self._args, **self._kw)
           ^^^^^^^^^^^^^^^^^^^^^^^^^^^^^
TypeError: pgettext() missing 1 required positional argument: 'message'

During handling of the above exception, another exception occurred:

Traceback (most recent call last):
  File "C:\Users\Ильназ\PycharmProjects\News_project\.venv\Lib\site-packages\django\core\handlers\exception.py", line 55, in inner
    response = get_response(request)
               ^^^^^^^^^^^^^^^^^^^^^
  File "C:\Users\Ильназ\PycharmProjects\News_project\.venv\Lib\site-packages\django\core\handlers\base.py", line 220, in _get_response
    response = response.render()
               ^^^^^^^^^^^^^^^^^
  File "C:\Users\Ильназ\PycharmProjects\News_project\.venv\Lib\site-packages\django\template\response.py", line 114, in render
    self.content = self.rendered_content
                   ^^^^^^^^^^^^^^^^^^^^^
  File "C:\Users\Ильназ\PycharmProjects\News_project\.venv\Lib\site-packages\django\template\response.py", line 92, in rendered_content
    return template.render(context, self._request)
           ^^^^^^^^^^^^^^^^^^^^^^^^^^^^^^^^^^^^^^^
  File "C:\Users\Ильназ\PycharmProjects\News_project\.venv\Lib\site-packages\django\template\backends\django.py", line 107, in render
    return self.template.render(context)
           ^^^^^^^^^^^^^^^^^^^^^^^^^^^^^
  File "C:\Users\Ильназ\PycharmProjects\News_project\.venv\Lib\site-packages\django\template\base.py", line 171, in render
    return self._render(context)
           ^^^^^^^^^^^^^^^^^^^^^
  File "C:\Users\Ильназ\PycharmProjects\News_project\.venv\Lib\site-packages\django\template\base.py", line 163, in _render
    return self.nodelist.render(context)
           ^^^^^^^^^^^^^^^^^^^^^^^^^^^^^
  File "C:\Users\Ильназ\PycharmProjects\News_project\.venv\Lib\site-packages\django\template\base.py", line 1016, in render
    return SafeString("".join([node.render_annotated(context) for node in self]))
                              ^^^^^^^^^^^^^^^^^^^^^^^^^^^^^^^^^^^^^^^^^^^^^^^^^
  File "C:\Users\Ильназ\PycharmProjects\News_project\.venv\Lib\site-packages\django\template\base.py", line 1016, in <listcomp>
    return SafeString("".join([node.render_annotated(context) for node in self]))
                               ^^^^^^^^^^^^^^^^^^^^^^^^^^^^^^
  File "C:\Users\Ильназ\PycharmProjects\News_project\.venv\Lib\site-packages\django\template\base.py", line 977, in render_annotated
    return self.render(context)
           ^^^^^^^^^^^^^^^^^^^^
  File "C:\Users\Ильназ\PycharmProjects\News_project\.venv\Lib\site-packages\django\template\loader_tags.py", line 159, in render
    return compiled_parent._render(context)
           ^^^^^^^^^^^^^^^^^^^^^^^^^^^^^^^^
  File "C:\Users\Ильназ\PycharmProjects\News_project\.venv\Lib\site-packages\django\template\base.py", line 163, in _render
    return self.nodelist.render(context)
           ^^^^^^^^^^^^^^^^^^^^^^^^^^^^^
  File "C:\Users\Ильназ\PycharmProjects\News_project\.venv\Lib\site-packages\django\template\base.py", line 1016, in render
    return SafeString("".join([node.render_annotated(context) for node in self]))
                              ^^^^^^^^^^^^^^^^^^^^^^^^^^^^^^^^^^^^^^^^^^^^^^^^^
  File "C:\Users\Ильназ\PycharmProjects\News_project\.venv\Lib\site-packages\django\template\base.py", line 1016, in <listcomp>
    return SafeString("".join([node.render_annotated(context) for node in self]))
                               ^^^^^^^^^^^^^^^^^^^^^^^^^^^^^^
  File "C:\Users\Ильназ\PycharmProjects\News_project\.venv\Lib\site-packages\django\template\base.py", line 977, in render_annotated
    return self.render(context)
           ^^^^^^^^^^^^^^^^^^^^
  File "C:\Users\Ильназ\PycharmProjects\News_project\.venv\Lib\site-packages\django\template\loader_tags.py", line 65, in render
    result = block.nodelist.render(context)
             ^^^^^^^^^^^^^^^^^^^^^^^^^^^^^^
  File "C:\Users\Ильназ\PycharmProjects\News_project\.venv\Lib\site-packages\django\template\base.py", line 1016, in render
    return SafeString("".join([node.render_annotated(context) for node in self]))
                              ^^^^^^^^^^^^^^^^^^^^^^^^^^^^^^^^^^^^^^^^^^^^^^^^^
  File "C:\Users\Ильназ\PycharmProjects\News_project\.venv\Lib\site-packages\django\template\base.py", line 1016, in <listcomp>
    return SafeString("".join([node.render_annotated(context) for node in self]))
                               ^^^^^^^^^^^^^^^^^^^^^^^^^^^^^^
  File "C:\Users\Ильназ\PycharmProjects\News_project\.venv\Lib\site-packages\django\template\base.py", line 977, in render_annotated
    return self.render(context)
           ^^^^^^^^^^^^^^^^^^^^
  File "C:\Users\Ильназ\PycharmProjects\News_project\.venv\Lib\site-packages\django\template\defaulttags.py", line 327, in render
    return nodelist.render(context)
           ^^^^^^^^^^^^^^^^^^^^^^^^
  File "C:\Users\Ильназ\PycharmProjects\News_project\.venv\Lib\site-packages\django\template\base.py", line 1016, in render
    return SafeString("".join([node.render_annotated(context) for node in self]))
                              ^^^^^^^^^^^^^^^^^^^^^^^^^^^^^^^^^^^^^^^^^^^^^^^^^
  File "C:\Users\Ильназ\PycharmProjects\News_project\.venv\Lib\site-packages\django\template\base.py", line 1016, in <listcomp>
    return SafeString("".join([node.render_annotated(context) for node in self]))
                               ^^^^^^^^^^^^^^^^^^^^^^^^^^^^^^
  File "C:\Users\Ильназ\PycharmProjects\News_project\.venv\Lib\site-packages\django\template\base.py", line 977, in render_annotated
    return self.render(context)
           ^^^^^^^^^^^^^^^^^^^^
  File "C:\Users\Ильназ\PycharmProjects\News_project\.venv\Lib\site-packages\django\template\defaulttags.py", line 243, in render
    nodelist.append(node.render_annotated(context))
                    ^^^^^^^^^^^^^^^^^^^^^^^^^^^^^^
  File "C:\Users\Ильназ\PycharmProjects\News_project\.venv\Lib\site-packages\django\template\base.py", line 977, in render_annotated
    return self.render(context)
           ^^^^^^^^^^^^^^^^^^^^
  File "C:\Users\Ильназ\PycharmProjects\News_project\.venv\Lib\site-packages\django\template\base.py", line 1075, in render
    output = self.filter_expression.resolve(context)
             ^^^^^^^^^^^^^^^^^^^^^^^^^^^^^^^^^^^^^^^
  File "C:\Users\Ильназ\PycharmProjects\News_project\.venv\Lib\site-packages\django\template\base.py", line 722, in resolve
    obj = self.var.resolve(context)
          ^^^^^^^^^^^^^^^^^^^^^^^^^
  File "C:\Users\Ильназ\PycharmProjects\News_project\.venv\Lib\site-packages\django\template\base.py", line 854, in resolve
    value = self._resolve_lookup(context)
            ^^^^^^^^^^^^^^^^^^^^^^^^^^^^^
  File "C:\Users\Ильназ\PycharmProjects\News_project\.venv\Lib\site-packages\django\template\base.py", line 925, in _resolve_lookup
    current = current()
              ^^^^^^^^^
  File "C:\Users\Ильназ\PycharmProjects\News_project\.venv\Lib\site-packages\django\db\models\base.py", line 1295, in _get_FIELD_display
    choices_dict = dict(make_hashable(field.flatchoices))
                        ^^^^^^^^^^^^^^^^^^^^^^^^^^^^^^^^
  File "C:\Users\Ильназ\PycharmProjects\News_project\.venv\Lib\site-packages\django\utils\hashable.py", line 23, in make_hashable
    return tuple(map(make_hashable, value))
           ^^^^^^^^^^^^^^^^^^^^^^^^^^^^^^^^
  File "C:\Users\Ильназ\PycharmProjects\News_project\.venv\Lib\site-packages\django\utils\hashable.py", line 23, in make_hashable
    return tuple(map(make_hashable, value))
           ^^^^^^^^^^^^^^^^^^^^^^^^^^^^^^^^
  File "C:\Users\Ильназ\PycharmProjects\News_project\.venv\Lib\site-packages\django\utils\hashable.py", line 23, in make_hashable
    return tuple(map(make_hashable, value))
                 ^^^^^^^^^^^^^^^^^^^^^^^^^
  File "C:\Users\Ильназ\PycharmProjects\News_project\.venv\Lib\site-packages\django\utils\functional.py", line 187, in __wrapper__
    result = func(*self._args, **self._kw)
             ^^^^^^^^^^^^^^^^^^^^^^^^^^^^^
TypeError: pgettext() missing 1 required positional argument: 'message'
2025-09-13 21:09:05,032 ERROR C:\Users\Ильназ\PycharmProjects\News_project\.venv\Lib\site-packages\django\core\servers\basehttp.py "GET /news/ HTTP/1.1" 500 331201
None
2025-09-13 21:43:09,571 ERROR C:\Users\Ильназ\PycharmProjects\News_project\.venv\Lib\site-packages\django\utils\log.py Internal Server Error: /news/create/
(<class 'NameError'>, NameError("name 'cache' is not defined"), <traceback object at 0x000001DF1C668540>)
Traceback (most recent call last):
  File "C:\Users\Ильназ\PycharmProjects\News_project\.venv\Lib\site-packages\django\core\handlers\exception.py", line 55, in inner
    response = get_response(request)
               ^^^^^^^^^^^^^^^^^^^^^
  File "C:\Users\Ильназ\PycharmProjects\News_project\.venv\Lib\site-packages\django\core\handlers\base.py", line 197, in _get_response
    response = wrapped_callback(request, *callback_args, **callback_kwargs)
               ^^^^^^^^^^^^^^^^^^^^^^^^^^^^^^^^^^^^^^^^^^^^^^^^^^^^^^^^^^^^
  File "C:\Users\Ильназ\PycharmProjects\News_project\.venv\Lib\site-packages\django\views\generic\base.py", line 104, in view
    return self.dispatch(request, *args, **kwargs)
           ^^^^^^^^^^^^^^^^^^^^^^^^^^^^^^^^^^^^^^^
  File "C:\Users\Ильназ\PycharmProjects\News_project\.venv\Lib\site-packages\django\contrib\auth\mixins.py", line 109, in dispatch
    return super().dispatch(request, *args, **kwargs)
           ^^^^^^^^^^^^^^^^^^^^^^^^^^^^^^^^^^^^^^^^^^
  File "C:\Users\Ильназ\PycharmProjects\News_project\.venv\Lib\site-packages\django\views\generic\base.py", line 143, in dispatch
    return handler(request, *args, **kwargs)
           ^^^^^^^^^^^^^^^^^^^^^^^^^^^^^^^^^
  File "C:\Users\Ильназ\PycharmProjects\News_project\.venv\Lib\site-packages\django\views\generic\edit.py", line 182, in post
    return super().post(request, *args, **kwargs)
           ^^^^^^^^^^^^^^^^^^^^^^^^^^^^^^^^^^^^^^
  File "C:\Users\Ильназ\PycharmProjects\News_project\.venv\Lib\site-packages\django\views\generic\edit.py", line 151, in post
    return self.form_valid(form)
           ^^^^^^^^^^^^^^^^^^^^^
  File "C:\Users\Ильназ\PycharmProjects\News_project\NewsPaper\news\views.py", line 106, in form_valid
    return super().form_valid(form)
           ^^^^^^^^^^^^^^^^^^^^^^^^
  File "C:\Users\Ильназ\PycharmProjects\News_project\.venv\Lib\site-packages\django\views\generic\edit.py", line 133, in form_valid
    self.object = form.save()
                  ^^^^^^^^^^^
  File "C:\Users\Ильназ\PycharmProjects\News_project\.venv\Lib\site-packages\django\forms\models.py", line 554, in save
    self.instance.save()
  File "C:\Users\Ильназ\PycharmProjects\News_project\NewsPaper\news\models.py", line 88, in save
    cache.delete(f'product-{self.pk}')
    ^^^^^
NameError: name 'cache' is not defined
2025-09-13 21:43:09,574 ERROR C:\Users\Ильназ\PycharmProjects\News_project\.venv\Lib\site-packages\django\core\servers\basehttp.py "POST /news/create/ HTTP/1.1" 500 108255
None
2025-09-13 21:43:54,033 ERROR C:\Users\Ильназ\PycharmProjects\News_project\.venv\Lib\site-packages\django\utils\log.py Internal Server Error: /news/create/
(<class 'TypeError'>, TypeError("post_created() missing 1 required positional argument: 'created'"), <traceback object at 0x000001D1457A7340>)
Traceback (most recent call last):
  File "C:\Users\Ильназ\PycharmProjects\News_project\.venv\Lib\site-packages\django\core\handlers\exception.py", line 55, in inner
    response = get_response(request)
               ^^^^^^^^^^^^^^^^^^^^^
  File "C:\Users\Ильназ\PycharmProjects\News_project\.venv\Lib\site-packages\django\core\handlers\base.py", line 197, in _get_response
    response = wrapped_callback(request, *callback_args, **callback_kwargs)
               ^^^^^^^^^^^^^^^^^^^^^^^^^^^^^^^^^^^^^^^^^^^^^^^^^^^^^^^^^^^^
  File "C:\Users\Ильназ\PycharmProjects\News_project\.venv\Lib\site-packages\django\views\generic\base.py", line 104, in view
    return self.dispatch(request, *args, **kwargs)
           ^^^^^^^^^^^^^^^^^^^^^^^^^^^^^^^^^^^^^^^
  File "C:\Users\Ильназ\PycharmProjects\News_project\.venv\Lib\site-packages\django\contrib\auth\mixins.py", line 109, in dispatch
    return super().dispatch(request, *args, **kwargs)
           ^^^^^^^^^^^^^^^^^^^^^^^^^^^^^^^^^^^^^^^^^^
  File "C:\Users\Ильназ\PycharmProjects\News_project\.venv\Lib\site-packages\django\views\generic\base.py", line 143, in dispatch
    return handler(request, *args, **kwargs)
           ^^^^^^^^^^^^^^^^^^^^^^^^^^^^^^^^^
  File "C:\Users\Ильназ\PycharmProjects\News_project\.venv\Lib\site-packages\django\views\generic\edit.py", line 182, in post
    return super().post(request, *args, **kwargs)
           ^^^^^^^^^^^^^^^^^^^^^^^^^^^^^^^^^^^^^^
  File "C:\Users\Ильназ\PycharmProjects\News_project\.venv\Lib\site-packages\django\views\generic\edit.py", line 151, in post
    return self.form_valid(form)
           ^^^^^^^^^^^^^^^^^^^^^
  File "C:\Users\Ильназ\PycharmProjects\News_project\NewsPaper\news\views.py", line 106, in form_valid
    return super().form_valid(form)
           ^^^^^^^^^^^^^^^^^^^^^^^^
  File "C:\Users\Ильназ\PycharmProjects\News_project\.venv\Lib\site-packages\django\views\generic\edit.py", line 133, in form_valid
    self.object = form.save()
                  ^^^^^^^^^^^
  File "C:\Users\Ильназ\PycharmProjects\News_project\.venv\Lib\site-packages\django\forms\models.py", line 555, in save
    self._save_m2m()
  File "C:\Users\Ильназ\PycharmProjects\News_project\.venv\Lib\site-packages\django\forms\models.py", line 536, in _save_m2m
    f.save_form_data(self.instance, cleaned_data[f.name])
  File "C:\Users\Ильназ\PycharmProjects\News_project\.venv\Lib\site-packages\django\db\models\fields\related.py", line 2034, in save_form_data
    getattr(instance, self.attname).set(data)
  File "C:\Users\Ильназ\PycharmProjects\News_project\.venv\Lib\site-packages\django\db\models\fields\related_descriptors.py", line 1352, in set
    self.add(*new_objs, through_defaults=through_defaults)
  File "C:\Users\Ильназ\PycharmProjects\News_project\.venv\Lib\site-packages\django\db\models\fields\related_descriptors.py", line 1253, in add
    self._add_items(
  File "C:\Users\Ильназ\PycharmProjects\News_project\.venv\Lib\site-packages\django\db\models\fields\related_descriptors.py", line 1538, in _add_items
    signals.m2m_changed.send(
  File "C:\Users\Ильназ\PycharmProjects\News_project\.venv\Lib\site-packages\django\dispatch\dispatcher.py", line 189, in send
    response = receiver(signal=self, sender=sender, **named)
               ^^^^^^^^^^^^^^^^^^^^^^^^^^^^^^^^^^^^^^^^^^^^^
TypeError: post_created() missing 1 required positional argument: 'created'
2025-09-13 21:43:54,035 ERROR C:\Users\Ильназ\PycharmProjects\News_project\.venv\Lib\site-packages\django\core\servers\basehttp.py "POST /news/create/ HTTP/1.1" 500 134593
None
2025-09-13 21:54:02,955 ERROR C:\Users\Ильназ\PycharmProjects\News_project\.venv\Lib\site-packages\django\utils\log.py Internal Server Error: /news/create/
(<class 'TypeError'>, TypeError("post_created() missing 1 required positional argument: 'created'"), <traceback object at 0x000001E9206D1980>)
Traceback (most recent call last):
  File "C:\Users\Ильназ\PycharmProjects\News_project\.venv\Lib\site-packages\django\core\handlers\exception.py", line 55, in inner
    response = get_response(request)
               ^^^^^^^^^^^^^^^^^^^^^
  File "C:\Users\Ильназ\PycharmProjects\News_project\.venv\Lib\site-packages\django\core\handlers\base.py", line 197, in _get_response
    response = wrapped_callback(request, *callback_args, **callback_kwargs)
               ^^^^^^^^^^^^^^^^^^^^^^^^^^^^^^^^^^^^^^^^^^^^^^^^^^^^^^^^^^^^
  File "C:\Users\Ильназ\PycharmProjects\News_project\.venv\Lib\site-packages\django\views\generic\base.py", line 104, in view
    return self.dispatch(request, *args, **kwargs)
           ^^^^^^^^^^^^^^^^^^^^^^^^^^^^^^^^^^^^^^^
  File "C:\Users\Ильназ\PycharmProjects\News_project\.venv\Lib\site-packages\django\contrib\auth\mixins.py", line 109, in dispatch
    return super().dispatch(request, *args, **kwargs)
           ^^^^^^^^^^^^^^^^^^^^^^^^^^^^^^^^^^^^^^^^^^
  File "C:\Users\Ильназ\PycharmProjects\News_project\.venv\Lib\site-packages\django\views\generic\base.py", line 143, in dispatch
    return handler(request, *args, **kwargs)
           ^^^^^^^^^^^^^^^^^^^^^^^^^^^^^^^^^
  File "C:\Users\Ильназ\PycharmProjects\News_project\.venv\Lib\site-packages\django\views\generic\edit.py", line 182, in post
    return super().post(request, *args, **kwargs)
           ^^^^^^^^^^^^^^^^^^^^^^^^^^^^^^^^^^^^^^
  File "C:\Users\Ильназ\PycharmProjects\News_project\.venv\Lib\site-packages\django\views\generic\edit.py", line 151, in post
    return self.form_valid(form)
           ^^^^^^^^^^^^^^^^^^^^^
  File "C:\Users\Ильназ\PycharmProjects\News_project\NewsPaper\news\views.py", line 106, in form_valid
    return super().form_valid(form)
           ^^^^^^^^^^^^^^^^^^^^^^^^
  File "C:\Users\Ильназ\PycharmProjects\News_project\.venv\Lib\site-packages\django\views\generic\edit.py", line 133, in form_valid
    self.object = form.save()
                  ^^^^^^^^^^^
  File "C:\Users\Ильназ\PycharmProjects\News_project\.venv\Lib\site-packages\django\forms\models.py", line 555, in save
    self._save_m2m()
  File "C:\Users\Ильназ\PycharmProjects\News_project\.venv\Lib\site-packages\django\forms\models.py", line 536, in _save_m2m
    f.save_form_data(self.instance, cleaned_data[f.name])
  File "C:\Users\Ильназ\PycharmProjects\News_project\.venv\Lib\site-packages\django\db\models\fields\related.py", line 2034, in save_form_data
    getattr(instance, self.attname).set(data)
  File "C:\Users\Ильназ\PycharmProjects\News_project\.venv\Lib\site-packages\django\db\models\fields\related_descriptors.py", line 1352, in set
    self.add(*new_objs, through_defaults=through_defaults)
  File "C:\Users\Ильназ\PycharmProjects\News_project\.venv\Lib\site-packages\django\db\models\fields\related_descriptors.py", line 1253, in add
    self._add_items(
  File "C:\Users\Ильназ\PycharmProjects\News_project\.venv\Lib\site-packages\django\db\models\fields\related_descriptors.py", line 1538, in _add_items
    signals.m2m_changed.send(
  File "C:\Users\Ильназ\PycharmProjects\News_project\.venv\Lib\site-packages\django\dispatch\dispatcher.py", line 189, in send
    response = receiver(signal=self, sender=sender, **named)
               ^^^^^^^^^^^^^^^^^^^^^^^^^^^^^^^^^^^^^^^^^^^^^
TypeError: post_created() missing 1 required positional argument: 'created'
2025-09-13 21:54:02,958 ERROR C:\Users\Ильназ\PycharmProjects\News_project\.venv\Lib\site-packages\django\core\servers\basehttp.py "POST /news/create/ HTTP/1.1" 500 134465
None
2025-09-13 21:56:19,645 ERROR C:\Users\Ильназ\PycharmProjects\News_project\.venv\Lib\site-packages\django\utils\log.py Internal Server Error: /news/create/
(<class 'TypeError'>, TypeError("post_created() missing 1 required positional argument: 'created'"), <traceback object at 0x000001CC867F9F80>)
Traceback (most recent call last):
  File "C:\Users\Ильназ\PycharmProjects\News_project\.venv\Lib\site-packages\django\core\handlers\exception.py", line 55, in inner
    response = get_response(request)
               ^^^^^^^^^^^^^^^^^^^^^
  File "C:\Users\Ильназ\PycharmProjects\News_project\.venv\Lib\site-packages\django\core\handlers\base.py", line 197, in _get_response
    response = wrapped_callback(request, *callback_args, **callback_kwargs)
               ^^^^^^^^^^^^^^^^^^^^^^^^^^^^^^^^^^^^^^^^^^^^^^^^^^^^^^^^^^^^
  File "C:\Users\Ильназ\PycharmProjects\News_project\.venv\Lib\site-packages\django\views\generic\base.py", line 104, in view
    return self.dispatch(request, *args, **kwargs)
           ^^^^^^^^^^^^^^^^^^^^^^^^^^^^^^^^^^^^^^^
  File "C:\Users\Ильназ\PycharmProjects\News_project\.venv\Lib\site-packages\django\contrib\auth\mixins.py", line 109, in dispatch
    return super().dispatch(request, *args, **kwargs)
           ^^^^^^^^^^^^^^^^^^^^^^^^^^^^^^^^^^^^^^^^^^
  File "C:\Users\Ильназ\PycharmProjects\News_project\.venv\Lib\site-packages\django\views\generic\base.py", line 143, in dispatch
    return handler(request, *args, **kwargs)
           ^^^^^^^^^^^^^^^^^^^^^^^^^^^^^^^^^
  File "C:\Users\Ильназ\PycharmProjects\News_project\.venv\Lib\site-packages\django\views\generic\edit.py", line 182, in post
    return super().post(request, *args, **kwargs)
           ^^^^^^^^^^^^^^^^^^^^^^^^^^^^^^^^^^^^^^
  File "C:\Users\Ильназ\PycharmProjects\News_project\.venv\Lib\site-packages\django\views\generic\edit.py", line 151, in post
    return self.form_valid(form)
           ^^^^^^^^^^^^^^^^^^^^^
  File "C:\Users\Ильназ\PycharmProjects\News_project\NewsPaper\news\views.py", line 106, in form_valid
    return super().form_valid(form)
           ^^^^^^^^^^^^^^^^^^^^^^^^
  File "C:\Users\Ильназ\PycharmProjects\News_project\.venv\Lib\site-packages\django\views\generic\edit.py", line 133, in form_valid
    self.object = form.save()
                  ^^^^^^^^^^^
  File "C:\Users\Ильназ\PycharmProjects\News_project\.venv\Lib\site-packages\django\forms\models.py", line 555, in save
    self._save_m2m()
  File "C:\Users\Ильназ\PycharmProjects\News_project\.venv\Lib\site-packages\django\forms\models.py", line 536, in _save_m2m
    f.save_form_data(self.instance, cleaned_data[f.name])
  File "C:\Users\Ильназ\PycharmProjects\News_project\.venv\Lib\site-packages\django\db\models\fields\related.py", line 2034, in save_form_data
    getattr(instance, self.attname).set(data)
  File "C:\Users\Ильназ\PycharmProjects\News_project\.venv\Lib\site-packages\django\db\models\fields\related_descriptors.py", line 1352, in set
    self.add(*new_objs, through_defaults=through_defaults)
  File "C:\Users\Ильназ\PycharmProjects\News_project\.venv\Lib\site-packages\django\db\models\fields\related_descriptors.py", line 1253, in add
    self._add_items(
  File "C:\Users\Ильназ\PycharmProjects\News_project\.venv\Lib\site-packages\django\db\models\fields\related_descriptors.py", line 1538, in _add_items
    signals.m2m_changed.send(
  File "C:\Users\Ильназ\PycharmProjects\News_project\.venv\Lib\site-packages\django\dispatch\dispatcher.py", line 189, in send
    response = receiver(signal=self, sender=sender, **named)
               ^^^^^^^^^^^^^^^^^^^^^^^^^^^^^^^^^^^^^^^^^^^^^
TypeError: post_created() missing 1 required positional argument: 'created'
2025-09-13 21:56:19,648 ERROR C:\Users\Ильназ\PycharmProjects\News_project\.venv\Lib\site-packages\django\core\servers\basehttp.py "POST /news/create/ HTTP/1.1" 500 134541
None
2025-09-14 18:22:45,886 ERROR C:\Users\Ильназ\PycharmProjects\News_project\.venv\Lib\site-packages\django\utils\log.py Internal Server Error: /news/
(<class 'NameError'>, NameError("name 'get_language' is not defined"), <traceback object at 0x000001951DC8AF80>)
Traceback (most recent call last):
  File "C:\Users\Ильназ\PycharmProjects\News_project\.venv\Lib\site-packages\django\core\handlers\exception.py", line 55, in inner
    response = get_response(request)
               ^^^^^^^^^^^^^^^^^^^^^
  File "C:\Users\Ильназ\PycharmProjects\News_project\.venv\Lib\site-packages\django\core\handlers\base.py", line 197, in _get_response
    response = wrapped_callback(request, *callback_args, **callback_kwargs)
               ^^^^^^^^^^^^^^^^^^^^^^^^^^^^^^^^^^^^^^^^^^^^^^^^^^^^^^^^^^^^
  File "C:\Users\Ильназ\PycharmProjects\News_project\.venv\Lib\site-packages\django\utils\decorators.py", line 192, in _view_wrapper
    result = _process_exception(request, e)
             ^^^^^^^^^^^^^^^^^^^^^^^^^^^^^^
  File "C:\Users\Ильназ\PycharmProjects\News_project\.venv\Lib\site-packages\django\utils\decorators.py", line 190, in _view_wrapper
    response = view_func(request, *args, **kwargs)
               ^^^^^^^^^^^^^^^^^^^^^^^^^^^^^^^^^^^
  File "C:\Users\Ильназ\PycharmProjects\News_project\.venv\Lib\site-packages\django\views\generic\base.py", line 104, in view
    return self.dispatch(request, *args, **kwargs)
           ^^^^^^^^^^^^^^^^^^^^^^^^^^^^^^^^^^^^^^^
  File "C:\Users\Ильназ\PycharmProjects\News_project\.venv\Lib\site-packages\django\views\generic\base.py", line 143, in dispatch
    return handler(request, *args, **kwargs)
           ^^^^^^^^^^^^^^^^^^^^^^^^^^^^^^^^^
  File "C:\Users\Ильназ\PycharmProjects\News_project\.venv\Lib\site-packages\django\views\generic\list.py", line 158, in get
    self.object_list = self.get_queryset()
                       ^^^^^^^^^^^^^^^^^^^
  File "C:\Users\Ильназ\PycharmProjects\News_project\NewsPaper\news\views.py", line 29, in get_queryset
    current_language = get_language()
                       ^^^^^^^^^^^^
NameError: name 'get_language' is not defined
2025-09-14 18:22:45,887 ERROR C:\Users\Ильназ\PycharmProjects\News_project\.venv\Lib\site-packages\django\core\servers\basehttp.py "GET /news/ HTTP/1.1" 500 96638
None
2025-09-14 18:22:46,541 ERROR C:\Users\Ильназ\PycharmProjects\News_project\.venv\Lib\site-packages\django\utils\log.py Internal Server Error: /news/
(<class 'NameError'>, NameError("name 'get_language' is not defined"), <traceback object at 0x000001951DC10880>)
Traceback (most recent call last):
  File "C:\Users\Ильназ\PycharmProjects\News_project\.venv\Lib\site-packages\django\core\handlers\exception.py", line 55, in inner
    response = get_response(request)
               ^^^^^^^^^^^^^^^^^^^^^
  File "C:\Users\Ильназ\PycharmProjects\News_project\.venv\Lib\site-packages\django\core\handlers\base.py", line 197, in _get_response
    response = wrapped_callback(request, *callback_args, **callback_kwargs)
               ^^^^^^^^^^^^^^^^^^^^^^^^^^^^^^^^^^^^^^^^^^^^^^^^^^^^^^^^^^^^
  File "C:\Users\Ильназ\PycharmProjects\News_project\.venv\Lib\site-packages\django\utils\decorators.py", line 192, in _view_wrapper
    result = _process_exception(request, e)
             ^^^^^^^^^^^^^^^^^^^^^^^^^^^^^^
  File "C:\Users\Ильназ\PycharmProjects\News_project\.venv\Lib\site-packages\django\utils\decorators.py", line 190, in _view_wrapper
    response = view_func(request, *args, **kwargs)
               ^^^^^^^^^^^^^^^^^^^^^^^^^^^^^^^^^^^
  File "C:\Users\Ильназ\PycharmProjects\News_project\.venv\Lib\site-packages\django\views\generic\base.py", line 104, in view
    return self.dispatch(request, *args, **kwargs)
           ^^^^^^^^^^^^^^^^^^^^^^^^^^^^^^^^^^^^^^^
  File "C:\Users\Ильназ\PycharmProjects\News_project\.venv\Lib\site-packages\django\views\generic\base.py", line 143, in dispatch
    return handler(request, *args, **kwargs)
           ^^^^^^^^^^^^^^^^^^^^^^^^^^^^^^^^^
  File "C:\Users\Ильназ\PycharmProjects\News_project\.venv\Lib\site-packages\django\views\generic\list.py", line 158, in get
    self.object_list = self.get_queryset()
                       ^^^^^^^^^^^^^^^^^^^
  File "C:\Users\Ильназ\PycharmProjects\News_project\NewsPaper\news\views.py", line 29, in get_queryset
    current_language = get_language()
                       ^^^^^^^^^^^^
NameError: name 'get_language' is not defined
2025-09-14 18:22:46,542 ERROR C:\Users\Ильназ\PycharmProjects\News_project\.venv\Lib\site-packages\django\core\servers\basehttp.py "GET /news/ HTTP/1.1" 500 96638
None
2025-09-14 18:24:03,735 ERROR C:\Users\Ильназ\PycharmProjects\News_project\.venv\Lib\site-packages\django\utils\log.py Internal Server Error: /news/
(<class 'NameError'>, NameError("name 'activate' is not defined"), <traceback object at 0x0000017D8A4576C0>)
Traceback (most recent call last):
  File "C:\Users\Ильназ\PycharmProjects\News_project\.venv\Lib\site-packages\django\core\handlers\exception.py", line 55, in inner
    response = get_response(request)
               ^^^^^^^^^^^^^^^^^^^^^
  File "C:\Users\Ильназ\PycharmProjects\News_project\.venv\Lib\site-packages\django\core\handlers\base.py", line 197, in _get_response
    response = wrapped_callback(request, *callback_args, **callback_kwargs)
               ^^^^^^^^^^^^^^^^^^^^^^^^^^^^^^^^^^^^^^^^^^^^^^^^^^^^^^^^^^^^
  File "C:\Users\Ильназ\PycharmProjects\News_project\.venv\Lib\site-packages\django\utils\decorators.py", line 192, in _view_wrapper
    result = _process_exception(request, e)
             ^^^^^^^^^^^^^^^^^^^^^^^^^^^^^^
  File "C:\Users\Ильназ\PycharmProjects\News_project\.venv\Lib\site-packages\django\utils\decorators.py", line 190, in _view_wrapper
    response = view_func(request, *args, **kwargs)
               ^^^^^^^^^^^^^^^^^^^^^^^^^^^^^^^^^^^
  File "C:\Users\Ильназ\PycharmProjects\News_project\.venv\Lib\site-packages\django\views\generic\base.py", line 104, in view
    return self.dispatch(request, *args, **kwargs)
           ^^^^^^^^^^^^^^^^^^^^^^^^^^^^^^^^^^^^^^^
  File "C:\Users\Ильназ\PycharmProjects\News_project\.venv\Lib\site-packages\django\views\generic\base.py", line 143, in dispatch
    return handler(request, *args, **kwargs)
           ^^^^^^^^^^^^^^^^^^^^^^^^^^^^^^^^^
  File "C:\Users\Ильназ\PycharmProjects\News_project\.venv\Lib\site-packages\django\views\generic\list.py", line 158, in get
    self.object_list = self.get_queryset()
                       ^^^^^^^^^^^^^^^^^^^
  File "C:\Users\Ильназ\PycharmProjects\News_project\NewsPaper\news\views.py", line 32, in get_queryset
    activate(current_language)
    ^^^^^^^^
NameError: name 'activate' is not defined
2025-09-14 18:24:03,736 ERROR C:\Users\Ильназ\PycharmProjects\News_project\.venv\Lib\site-packages\django\core\servers\basehttp.py "GET /news/ HTTP/1.1" 500 96774
None
2025-09-14 18:24:04,590 ERROR C:\Users\Ильназ\PycharmProjects\News_project\.venv\Lib\site-packages\django\utils\log.py Internal Server Error: /news/
(<class 'NameError'>, NameError("name 'activate' is not defined"), <traceback object at 0x0000017D8A452500>)
Traceback (most recent call last):
  File "C:\Users\Ильназ\PycharmProjects\News_project\.venv\Lib\site-packages\django\core\handlers\exception.py", line 55, in inner
    response = get_response(request)
               ^^^^^^^^^^^^^^^^^^^^^
  File "C:\Users\Ильназ\PycharmProjects\News_project\.venv\Lib\site-packages\django\core\handlers\base.py", line 197, in _get_response
    response = wrapped_callback(request, *callback_args, **callback_kwargs)
               ^^^^^^^^^^^^^^^^^^^^^^^^^^^^^^^^^^^^^^^^^^^^^^^^^^^^^^^^^^^^
  File "C:\Users\Ильназ\PycharmProjects\News_project\.venv\Lib\site-packages\django\utils\decorators.py", line 192, in _view_wrapper
    result = _process_exception(request, e)
             ^^^^^^^^^^^^^^^^^^^^^^^^^^^^^^
  File "C:\Users\Ильназ\PycharmProjects\News_project\.venv\Lib\site-packages\django\utils\decorators.py", line 190, in _view_wrapper
    response = view_func(request, *args, **kwargs)
               ^^^^^^^^^^^^^^^^^^^^^^^^^^^^^^^^^^^
  File "C:\Users\Ильназ\PycharmProjects\News_project\.venv\Lib\site-packages\django\views\generic\base.py", line 104, in view
    return self.dispatch(request, *args, **kwargs)
           ^^^^^^^^^^^^^^^^^^^^^^^^^^^^^^^^^^^^^^^
  File "C:\Users\Ильназ\PycharmProjects\News_project\.venv\Lib\site-packages\django\views\generic\base.py", line 143, in dispatch
    return handler(request, *args, **kwargs)
           ^^^^^^^^^^^^^^^^^^^^^^^^^^^^^^^^^
  File "C:\Users\Ильназ\PycharmProjects\News_project\.venv\Lib\site-packages\django\views\generic\list.py", line 158, in get
    self.object_list = self.get_queryset()
                       ^^^^^^^^^^^^^^^^^^^
  File "C:\Users\Ильназ\PycharmProjects\News_project\NewsPaper\news\views.py", line 32, in get_queryset
    activate(current_language)
    ^^^^^^^^
NameError: name 'activate' is not defined
2025-09-14 18:24:04,590 ERROR C:\Users\Ильназ\PycharmProjects\News_project\.venv\Lib\site-packages\django\core\servers\basehttp.py "GET /news/ HTTP/1.1" 500 96774
None
2025-09-14 18:30:05,226 ERROR C:\Users\Ильназ\PycharmProjects\News_project\.venv\Lib\site-packages\django\utils\log.py Internal Server Error: /news/
(<class 'django.template.exceptions.TemplateSyntaxError'>, TemplateSyntaxError("Invalid filter: 'add_class'"), <traceback object at 0x00000249BE0B7EC0>)
Traceback (most recent call last):
  File "C:\Users\Ильназ\PycharmProjects\News_project\.venv\Lib\site-packages\django\core\handlers\exception.py", line 55, in inner
    response = get_response(request)
               ^^^^^^^^^^^^^^^^^^^^^
  File "C:\Users\Ильназ\PycharmProjects\News_project\.venv\Lib\site-packages\django\core\handlers\base.py", line 220, in _get_response
    response = response.render()
               ^^^^^^^^^^^^^^^^^
  File "C:\Users\Ильназ\PycharmProjects\News_project\.venv\Lib\site-packages\django\template\response.py", line 114, in render
    self.content = self.rendered_content
                   ^^^^^^^^^^^^^^^^^^^^^
  File "C:\Users\Ильназ\PycharmProjects\News_project\.venv\Lib\site-packages\django\template\response.py", line 90, in rendered_content
    template = self.resolve_template(self.template_name)
               ^^^^^^^^^^^^^^^^^^^^^^^^^^^^^^^^^^^^^^^^^
  File "C:\Users\Ильназ\PycharmProjects\News_project\.venv\Lib\site-packages\django\template\response.py", line 72, in resolve_template
    return select_template(template, using=self.using)
           ^^^^^^^^^^^^^^^^^^^^^^^^^^^^^^^^^^^^^^^^^^^
  File "C:\Users\Ильназ\PycharmProjects\News_project\.venv\Lib\site-packages\django\template\loader.py", line 42, in select_template
    return engine.get_template(template_name)
           ^^^^^^^^^^^^^^^^^^^^^^^^^^^^^^^^^^
  File "C:\Users\Ильназ\PycharmProjects\News_project\.venv\Lib\site-packages\django\template\backends\django.py", line 79, in get_template
    return Template(self.engine.get_template(template_name), self)
                    ^^^^^^^^^^^^^^^^^^^^^^^^^^^^^^^^^^^^^^^
  File "C:\Users\Ильназ\PycharmProjects\News_project\.venv\Lib\site-packages\django\template\engine.py", line 177, in get_template
    template, origin = self.find_template(template_name)
                       ^^^^^^^^^^^^^^^^^^^^^^^^^^^^^^^^^
  File "C:\Users\Ильназ\PycharmProjects\News_project\.venv\Lib\site-packages\django\template\engine.py", line 159, in find_template
    template = loader.get_template(name, skip=skip)
               ^^^^^^^^^^^^^^^^^^^^^^^^^^^^^^^^^^^^
  File "C:\Users\Ильназ\PycharmProjects\News_project\.venv\Lib\site-packages\django\template\loaders\cached.py", line 57, in get_template
    template = super().get_template(template_name, skip)
               ^^^^^^^^^^^^^^^^^^^^^^^^^^^^^^^^^^^^^^^^^
  File "C:\Users\Ильназ\PycharmProjects\News_project\.venv\Lib\site-packages\django\template\loaders\base.py", line 28, in get_template
    return Template(
           ^^^^^^^^^
  File "C:\Users\Ильназ\PycharmProjects\News_project\.venv\Lib\site-packages\django\template\base.py", line 154, in __init__
    self.nodelist = self.compile_nodelist()
                    ^^^^^^^^^^^^^^^^^^^^^^^
  File "C:\Users\Ильназ\PycharmProjects\News_project\.venv\Lib\site-packages\django\template\base.py", line 196, in compile_nodelist
    nodelist = parser.parse()
               ^^^^^^^^^^^^^^
  File "C:\Users\Ильназ\PycharmProjects\News_project\.venv\Lib\site-packages\django\template\base.py", line 518, in parse
    raise self.error(token, e)
  File "C:\Users\Ильназ\PycharmProjects\News_project\.venv\Lib\site-packages\django\template\base.py", line 516, in parse
    compiled_result = compile_func(self, token)
                      ^^^^^^^^^^^^^^^^^^^^^^^^^
  File "C:\Users\Ильназ\PycharmProjects\News_project\.venv\Lib\site-packages\django\template\loader_tags.py", line 299, in do_extends
    nodelist = parser.parse()
               ^^^^^^^^^^^^^^
  File "C:\Users\Ильназ\PycharmProjects\News_project\.venv\Lib\site-packages\django\template\base.py", line 518, in parse
    raise self.error(token, e)
  File "C:\Users\Ильназ\PycharmProjects\News_project\.venv\Lib\site-packages\django\template\base.py", line 516, in parse
    compiled_result = compile_func(self, token)
                      ^^^^^^^^^^^^^^^^^^^^^^^^^
  File "C:\Users\Ильназ\PycharmProjects\News_project\.venv\Lib\site-packages\django\template\loader_tags.py", line 234, in do_block
    nodelist = parser.parse(("endblock",))
               ^^^^^^^^^^^^^^^^^^^^^^^^^^^
  File "C:\Users\Ильназ\PycharmProjects\News_project\.venv\Lib\site-packages\django\template\base.py", line 518, in parse
    raise self.error(token, e)
  File "C:\Users\Ильназ\PycharmProjects\News_project\.venv\Lib\site-packages\django\template\base.py", line 516, in parse
    compiled_result = compile_func(self, token)
                      ^^^^^^^^^^^^^^^^^^^^^^^^^
  File "C:\Users\Ильназ\PycharmProjects\News_project\.venv\Lib\site-packages\django\template\defaulttags.py", line 862, in do_for
    nodelist_loop = parser.parse(
                    ^^^^^^^^^^^^^
  File "C:\Users\Ильназ\PycharmProjects\News_project\.venv\Lib\site-packages\django\template\base.py", line 489, in parse
    raise self.error(token, e)
  File "C:\Users\Ильназ\PycharmProjects\News_project\.venv\Lib\site-packages\django\template\base.py", line 487, in parse
    filter_expression = self.compile_filter(token.contents)
                        ^^^^^^^^^^^^^^^^^^^^^^^^^^^^^^^^^^^
  File "C:\Users\Ильназ\PycharmProjects\News_project\.venv\Lib\site-packages\django\template\base.py", line 609, in compile_filter
    return FilterExpression(token, self)
           ^^^^^^^^^^^^^^^^^^^^^^^^^^^^^
  File "C:\Users\Ильназ\PycharmProjects\News_project\.venv\Lib\site-packages\django\template\base.py", line 705, in __init__
    filter_func = parser.find_filter(filter_name)
                  ^^^^^^^^^^^^^^^^^^^^^^^^^^^^^^^
  File "C:\Users\Ильназ\PycharmProjects\News_project\.venv\Lib\site-packages\django\template\base.py", line 615, in find_filter
    raise TemplateSyntaxError("Invalid filter: '%s'" % filter_name)
django.template.exceptions.TemplateSyntaxError: Invalid filter: 'add_class'
2025-09-14 18:30:05,229 ERROR C:\Users\Ильназ\PycharmProjects\News_project\.venv\Lib\site-packages\django\core\servers\basehttp.py "GET /news/ HTTP/1.1" 500 312184
None
2025-09-14 18:30:05,995 ERROR C:\Users\Ильназ\PycharmProjects\News_project\.venv\Lib\site-packages\django\utils\log.py Internal Server Error: /news/
(<class 'django.template.exceptions.TemplateSyntaxError'>, TemplateSyntaxError("Invalid filter: 'add_class'"), <traceback object at 0x00000249BDE920C0>)
Traceback (most recent call last):
  File "C:\Users\Ильназ\PycharmProjects\News_project\.venv\Lib\site-packages\django\core\handlers\exception.py", line 55, in inner
    response = get_response(request)
               ^^^^^^^^^^^^^^^^^^^^^
  File "C:\Users\Ильназ\PycharmProjects\News_project\.venv\Lib\site-packages\django\core\handlers\base.py", line 220, in _get_response
    response = response.render()
               ^^^^^^^^^^^^^^^^^
  File "C:\Users\Ильназ\PycharmProjects\News_project\.venv\Lib\site-packages\django\template\response.py", line 114, in render
    self.content = self.rendered_content
                   ^^^^^^^^^^^^^^^^^^^^^
  File "C:\Users\Ильназ\PycharmProjects\News_project\.venv\Lib\site-packages\django\template\response.py", line 90, in rendered_content
    template = self.resolve_template(self.template_name)
               ^^^^^^^^^^^^^^^^^^^^^^^^^^^^^^^^^^^^^^^^^
  File "C:\Users\Ильназ\PycharmProjects\News_project\.venv\Lib\site-packages\django\template\response.py", line 72, in resolve_template
    return select_template(template, using=self.using)
           ^^^^^^^^^^^^^^^^^^^^^^^^^^^^^^^^^^^^^^^^^^^
  File "C:\Users\Ильназ\PycharmProjects\News_project\.venv\Lib\site-packages\django\template\loader.py", line 42, in select_template
    return engine.get_template(template_name)
           ^^^^^^^^^^^^^^^^^^^^^^^^^^^^^^^^^^
  File "C:\Users\Ильназ\PycharmProjects\News_project\.venv\Lib\site-packages\django\template\backends\django.py", line 79, in get_template
    return Template(self.engine.get_template(template_name), self)
                    ^^^^^^^^^^^^^^^^^^^^^^^^^^^^^^^^^^^^^^^
  File "C:\Users\Ильназ\PycharmProjects\News_project\.venv\Lib\site-packages\django\template\engine.py", line 177, in get_template
    template, origin = self.find_template(template_name)
                       ^^^^^^^^^^^^^^^^^^^^^^^^^^^^^^^^^
  File "C:\Users\Ильназ\PycharmProjects\News_project\.venv\Lib\site-packages\django\template\engine.py", line 159, in find_template
    template = loader.get_template(name, skip=skip)
               ^^^^^^^^^^^^^^^^^^^^^^^^^^^^^^^^^^^^
  File "C:\Users\Ильназ\PycharmProjects\News_project\.venv\Lib\site-packages\django\template\loaders\cached.py", line 57, in get_template
    template = super().get_template(template_name, skip)
               ^^^^^^^^^^^^^^^^^^^^^^^^^^^^^^^^^^^^^^^^^
  File "C:\Users\Ильназ\PycharmProjects\News_project\.venv\Lib\site-packages\django\template\loaders\base.py", line 28, in get_template
    return Template(
           ^^^^^^^^^
  File "C:\Users\Ильназ\PycharmProjects\News_project\.venv\Lib\site-packages\django\template\base.py", line 154, in __init__
    self.nodelist = self.compile_nodelist()
                    ^^^^^^^^^^^^^^^^^^^^^^^
  File "C:\Users\Ильназ\PycharmProjects\News_project\.venv\Lib\site-packages\django\template\base.py", line 196, in compile_nodelist
    nodelist = parser.parse()
               ^^^^^^^^^^^^^^
  File "C:\Users\Ильназ\PycharmProjects\News_project\.venv\Lib\site-packages\django\template\base.py", line 518, in parse
    raise self.error(token, e)
  File "C:\Users\Ильназ\PycharmProjects\News_project\.venv\Lib\site-packages\django\template\base.py", line 516, in parse
    compiled_result = compile_func(self, token)
                      ^^^^^^^^^^^^^^^^^^^^^^^^^
  File "C:\Users\Ильназ\PycharmProjects\News_project\.venv\Lib\site-packages\django\template\loader_tags.py", line 299, in do_extends
    nodelist = parser.parse()
               ^^^^^^^^^^^^^^
  File "C:\Users\Ильназ\PycharmProjects\News_project\.venv\Lib\site-packages\django\template\base.py", line 518, in parse
    raise self.error(token, e)
  File "C:\Users\Ильназ\PycharmProjects\News_project\.venv\Lib\site-packages\django\template\base.py", line 516, in parse
    compiled_result = compile_func(self, token)
                      ^^^^^^^^^^^^^^^^^^^^^^^^^
  File "C:\Users\Ильназ\PycharmProjects\News_project\.venv\Lib\site-packages\django\template\loader_tags.py", line 234, in do_block
    nodelist = parser.parse(("endblock",))
               ^^^^^^^^^^^^^^^^^^^^^^^^^^^
  File "C:\Users\Ильназ\PycharmProjects\News_project\.venv\Lib\site-packages\django\template\base.py", line 518, in parse
    raise self.error(token, e)
  File "C:\Users\Ильназ\PycharmProjects\News_project\.venv\Lib\site-packages\django\template\base.py", line 516, in parse
    compiled_result = compile_func(self, token)
                      ^^^^^^^^^^^^^^^^^^^^^^^^^
  File "C:\Users\Ильназ\PycharmProjects\News_project\.venv\Lib\site-packages\django\template\defaulttags.py", line 862, in do_for
    nodelist_loop = parser.parse(
                    ^^^^^^^^^^^^^
  File "C:\Users\Ильназ\PycharmProjects\News_project\.venv\Lib\site-packages\django\template\base.py", line 489, in parse
    raise self.error(token, e)
  File "C:\Users\Ильназ\PycharmProjects\News_project\.venv\Lib\site-packages\django\template\base.py", line 487, in parse
    filter_expression = self.compile_filter(token.contents)
                        ^^^^^^^^^^^^^^^^^^^^^^^^^^^^^^^^^^^
  File "C:\Users\Ильназ\PycharmProjects\News_project\.venv\Lib\site-packages\django\template\base.py", line 609, in compile_filter
    return FilterExpression(token, self)
           ^^^^^^^^^^^^^^^^^^^^^^^^^^^^^
  File "C:\Users\Ильназ\PycharmProjects\News_project\.venv\Lib\site-packages\django\template\base.py", line 705, in __init__
    filter_func = parser.find_filter(filter_name)
                  ^^^^^^^^^^^^^^^^^^^^^^^^^^^^^^^
  File "C:\Users\Ильназ\PycharmProjects\News_project\.venv\Lib\site-packages\django\template\base.py", line 615, in find_filter
    raise TemplateSyntaxError("Invalid filter: '%s'" % filter_name)
django.template.exceptions.TemplateSyntaxError: Invalid filter: 'add_class'
2025-09-14 18:30:05,997 ERROR C:\Users\Ильназ\PycharmProjects\News_project\.venv\Lib\site-packages\django\core\servers\basehttp.py "GET /news/ HTTP/1.1" 500 312184
None
2025-09-14 18:42:01,747 ERROR C:\Users\Ильназ\PycharmProjects\News_project\.venv\Lib\site-packages\django\utils\log.py Internal Server Error: /news/
(<class 'NameError'>, NameError("name 'HttpResponse' is not defined"), <traceback object at 0x000002595C52A000>)
Traceback (most recent call last):
  File "C:\Users\Ильназ\PycharmProjects\News_project\.venv\Lib\site-packages\django\core\handlers\exception.py", line 55, in inner
    response = get_response(request)
               ^^^^^^^^^^^^^^^^^^^^^
  File "C:\Users\Ильназ\PycharmProjects\News_project\.venv\Lib\site-packages\django\core\handlers\base.py", line 197, in _get_response
    response = wrapped_callback(request, *callback_args, **callback_kwargs)
               ^^^^^^^^^^^^^^^^^^^^^^^^^^^^^^^^^^^^^^^^^^^^^^^^^^^^^^^^^^^^
  File "C:\Users\Ильназ\PycharmProjects\News_project\.venv\Lib\site-packages\django\utils\decorators.py", line 192, in _view_wrapper
    result = _process_exception(request, e)
             ^^^^^^^^^^^^^^^^^^^^^^^^^^^^^^
  File "C:\Users\Ильназ\PycharmProjects\News_project\.venv\Lib\site-packages\django\utils\decorators.py", line 190, in _view_wrapper
    response = view_func(request, *args, **kwargs)
               ^^^^^^^^^^^^^^^^^^^^^^^^^^^^^^^^^^^
  File "C:\Users\Ильназ\PycharmProjects\News_project\.venv\Lib\site-packages\django\views\generic\base.py", line 104, in view
    return self.dispatch(request, *args, **kwargs)
           ^^^^^^^^^^^^^^^^^^^^^^^^^^^^^^^^^^^^^^^
  File "C:\Users\Ильназ\PycharmProjects\News_project\.venv\Lib\site-packages\django\views\generic\base.py", line 143, in dispatch
    return handler(request, *args, **kwargs)
           ^^^^^^^^^^^^^^^^^^^^^^^^^^^^^^^^^
  File "C:\Users\Ильназ\PycharmProjects\News_project\NewsPaper\news\views.py", line 48, in get
    return HttpResponse(render(request, self.template_name, context))
           ^^^^^^^^^^^^
NameError: name 'HttpResponse' is not defined
2025-09-14 18:42:01,748 ERROR C:\Users\Ильназ\PycharmProjects\News_project\.venv\Lib\site-packages\django\core\servers\basehttp.py "GET /news/ HTTP/1.1" 500 93664
None
2025-09-15 20:24:29,793 ERROR C:\Users\Ильназ\PycharmProjects\News_project\.venv\Lib\site-packages\django\utils\log.py Internal Server Error: /news/
(<class 'AttributeError'>, AttributeError("module 'django.utils.timezone' has no attribute 'all_timezones'"), <traceback object at 0x0000024A11636180>)
Traceback (most recent call last):
  File "C:\Users\Ильназ\PycharmProjects\News_project\.venv\Lib\site-packages\django\core\handlers\exception.py", line 55, in inner
    response = get_response(request)
               ^^^^^^^^^^^^^^^^^^^^^
  File "C:\Users\Ильназ\PycharmProjects\News_project\.venv\Lib\site-packages\django\core\handlers\base.py", line 197, in _get_response
    response = wrapped_callback(request, *callback_args, **callback_kwargs)
               ^^^^^^^^^^^^^^^^^^^^^^^^^^^^^^^^^^^^^^^^^^^^^^^^^^^^^^^^^^^^
  File "C:\Users\Ильназ\PycharmProjects\News_project\.venv\Lib\site-packages\django\utils\decorators.py", line 192, in _view_wrapper
    result = _process_exception(request, e)
             ^^^^^^^^^^^^^^^^^^^^^^^^^^^^^^
  File "C:\Users\Ильназ\PycharmProjects\News_project\.venv\Lib\site-packages\django\utils\decorators.py", line 190, in _view_wrapper
    response = view_func(request, *args, **kwargs)
               ^^^^^^^^^^^^^^^^^^^^^^^^^^^^^^^^^^^
  File "C:\Users\Ильназ\PycharmProjects\News_project\.venv\Lib\site-packages\django\views\generic\base.py", line 104, in view
    return self.dispatch(request, *args, **kwargs)
           ^^^^^^^^^^^^^^^^^^^^^^^^^^^^^^^^^^^^^^^
  File "C:\Users\Ильназ\PycharmProjects\News_project\.venv\Lib\site-packages\django\views\generic\base.py", line 143, in dispatch
    return handler(request, *args, **kwargs)
           ^^^^^^^^^^^^^^^^^^^^^^^^^^^^^^^^^
  File "C:\Users\Ильназ\PycharmProjects\News_project\NewsPaper\news\views.py", line 52, in get
    context = self.get_context_data()
              ^^^^^^^^^^^^^^^^^^^^^^^
  File "C:\Users\Ильназ\PycharmProjects\News_project\NewsPaper\news\views.py", line 45, in get_context_data
    context['timezones'] = timezone.all_timezones
                           ^^^^^^^^^^^^^^^^^^^^^^
AttributeError: module 'django.utils.timezone' has no attribute 'all_timezones'
2025-09-15 20:24:29,795 ERROR C:\Users\Ильназ\PycharmProjects\News_project\.venv\Lib\site-packages\django\core\servers\basehttp.py "GET /news/ HTTP/1.1" 500 100256
None
2025-09-15 20:26:30,898 ERROR C:\Users\Ильназ\PycharmProjects\News_project\.venv\Lib\site-packages\django\utils\log.py Internal Server Error: /news/set-timezone/
(<class 'AttributeError'>, AttributeError("module 'django.utils.timezone' has no attribute 'all_timezones'"), <traceback object at 0x0000025B89BC6640>)
Traceback (most recent call last):
  File "C:\Users\Ильназ\PycharmProjects\News_project\.venv\Lib\site-packages\django\core\handlers\exception.py", line 55, in inner
    response = get_response(request)
               ^^^^^^^^^^^^^^^^^^^^^
  File "C:\Users\Ильназ\PycharmProjects\News_project\.venv\Lib\site-packages\django\core\handlers\base.py", line 197, in _get_response
    response = wrapped_callback(request, *callback_args, **callback_kwargs)
               ^^^^^^^^^^^^^^^^^^^^^^^^^^^^^^^^^^^^^^^^^^^^^^^^^^^^^^^^^^^^
  File "C:\Users\Ильназ\PycharmProjects\News_project\.venv\Lib\site-packages\django\views\decorators\http.py", line 64, in inner
    return func(request, *args, **kwargs)
           ^^^^^^^^^^^^^^^^^^^^^^^^^^^^^^
  File "C:\Users\Ильназ\PycharmProjects\News_project\NewsPaper\news\views.py", line 258, in set_timezone
    if tz in timezone.all_timezones:
             ^^^^^^^^^^^^^^^^^^^^^^
AttributeError: module 'django.utils.timezone' has no attribute 'all_timezones'
2025-09-15 20:26:30,899 ERROR C:\Users\Ильназ\PycharmProjects\News_project\.venv\Lib\site-packages\django\core\servers\basehttp.py "POST /news/set-timezone/ HTTP/1.1" 500 77352
None
2025-09-15 20:29:21,121 ERROR C:\Users\Ильназ\PycharmProjects\News_project\.venv\Lib\site-packages\django\utils\log.py Internal Server Error: /news/
(<class 'zoneinfo._common.ZoneInfoNotFoundError'>, ZoneInfoNotFoundError('No time zone found with key -03'), <traceback object at 0x000002BA29916240>)
Traceback (most recent call last):
  File "C:\Program Files\WindowsApps\PythonSoftwareFoundation.Python.3.11_3.11.2544.0_x64__qbz5n2kfra8p0\Lib\zoneinfo\_common.py", line 12, in load_tzdata
    return resources.files(package_name).joinpath(resource_name).open("rb")
           ^^^^^^^^^^^^^^^^^^^^^^^^^^^^^^^^^^^^^^^^^^^^^^^^^^^^^^^^^^^^^^^^
  File "C:\Program Files\WindowsApps\PythonSoftwareFoundation.Python.3.11_3.11.2544.0_x64__qbz5n2kfra8p0\Lib\pathlib.py", line 1044, in open
    return io.open(self, mode, buffering, encoding, errors, newline)
           ^^^^^^^^^^^^^^^^^^^^^^^^^^^^^^^^^^^^^^^^^^^^^^^^^^^^^^^^^
FileNotFoundError: [Errno 2] No such file or directory: 'C:\\Users\\Ильназ\\PycharmProjects\\News_project\\.venv\\Lib\\site-packages\\tzdata\\zoneinfo\\-03'

During handling of the above exception, another exception occurred:

Traceback (most recent call last):
  File "C:\Users\Ильназ\PycharmProjects\News_project\.venv\Lib\site-packages\django\core\handlers\exception.py", line 55, in inner
    response = get_response(request)
               ^^^^^^^^^^^^^^^^^^^^^
  File "C:\Users\Ильназ\PycharmProjects\News_project\.venv\Lib\site-packages\django\core\handlers\base.py", line 197, in _get_response
    response = wrapped_callback(request, *callback_args, **callback_kwargs)
               ^^^^^^^^^^^^^^^^^^^^^^^^^^^^^^^^^^^^^^^^^^^^^^^^^^^^^^^^^^^^
  File "C:\Users\Ильназ\PycharmProjects\News_project\.venv\Lib\site-packages\django\utils\decorators.py", line 192, in _view_wrapper
    result = _process_exception(request, e)
             ^^^^^^^^^^^^^^^^^^^^^^^^^^^^^^
  File "C:\Users\Ильназ\PycharmProjects\News_project\.venv\Lib\site-packages\django\utils\decorators.py", line 190, in _view_wrapper
    response = view_func(request, *args, **kwargs)
               ^^^^^^^^^^^^^^^^^^^^^^^^^^^^^^^^^^^
  File "C:\Users\Ильназ\PycharmProjects\News_project\.venv\Lib\site-packages\django\views\generic\base.py", line 104, in view
    return self.dispatch(request, *args, **kwargs)
           ^^^^^^^^^^^^^^^^^^^^^^^^^^^^^^^^^^^^^^^
  File "C:\Users\Ильназ\PycharmProjects\News_project\.venv\Lib\site-packages\django\views\generic\base.py", line 143, in dispatch
    return handler(request, *args, **kwargs)
           ^^^^^^^^^^^^^^^^^^^^^^^^^^^^^^^^^
  File "C:\Users\Ильназ\PycharmProjects\News_project\NewsPaper\news\views.py", line 55, in get
    return HttpResponse(render(request, self.template_name, context))
                        ^^^^^^^^^^^^^^^^^^^^^^^^^^^^^^^^^^^^^^^^^^^^
  File "C:\Users\Ильназ\PycharmProjects\News_project\.venv\Lib\site-packages\django\shortcuts.py", line 25, in render
    content = loader.render_to_string(template_name, context, request, using=using)
              ^^^^^^^^^^^^^^^^^^^^^^^^^^^^^^^^^^^^^^^^^^^^^^^^^^^^^^^^^^^^^^^^^^^^^
  File "C:\Users\Ильназ\PycharmProjects\News_project\.venv\Lib\site-packages\django\template\loader.py", line 62, in render_to_string
    return template.render(context, request)
           ^^^^^^^^^^^^^^^^^^^^^^^^^^^^^^^^^
  File "C:\Users\Ильназ\PycharmProjects\News_project\.venv\Lib\site-packages\django\template\backends\django.py", line 107, in render
    return self.template.render(context)
           ^^^^^^^^^^^^^^^^^^^^^^^^^^^^^
  File "C:\Users\Ильназ\PycharmProjects\News_project\.venv\Lib\site-packages\django\template\base.py", line 171, in render
    return self._render(context)
           ^^^^^^^^^^^^^^^^^^^^^
  File "C:\Users\Ильназ\PycharmProjects\News_project\.venv\Lib\site-packages\django\template\base.py", line 163, in _render
    return self.nodelist.render(context)
           ^^^^^^^^^^^^^^^^^^^^^^^^^^^^^
  File "C:\Users\Ильназ\PycharmProjects\News_project\.venv\Lib\site-packages\django\template\base.py", line 1016, in render
    return SafeString("".join([node.render_annotated(context) for node in self]))
                              ^^^^^^^^^^^^^^^^^^^^^^^^^^^^^^^^^^^^^^^^^^^^^^^^^
  File "C:\Users\Ильназ\PycharmProjects\News_project\.venv\Lib\site-packages\django\template\base.py", line 1016, in <listcomp>
    return SafeString("".join([node.render_annotated(context) for node in self]))
                               ^^^^^^^^^^^^^^^^^^^^^^^^^^^^^^
  File "C:\Users\Ильназ\PycharmProjects\News_project\.venv\Lib\site-packages\django\template\base.py", line 977, in render_annotated
    return self.render(context)
           ^^^^^^^^^^^^^^^^^^^^
  File "C:\Users\Ильназ\PycharmProjects\News_project\.venv\Lib\site-packages\django\template\loader_tags.py", line 159, in render
    return compiled_parent._render(context)
           ^^^^^^^^^^^^^^^^^^^^^^^^^^^^^^^^
  File "C:\Users\Ильназ\PycharmProjects\News_project\.venv\Lib\site-packages\django\template\base.py", line 163, in _render
    return self.nodelist.render(context)
           ^^^^^^^^^^^^^^^^^^^^^^^^^^^^^
  File "C:\Users\Ильназ\PycharmProjects\News_project\.venv\Lib\site-packages\django\template\base.py", line 1016, in render
    return SafeString("".join([node.render_annotated(context) for node in self]))
                              ^^^^^^^^^^^^^^^^^^^^^^^^^^^^^^^^^^^^^^^^^^^^^^^^^
  File "C:\Users\Ильназ\PycharmProjects\News_project\.venv\Lib\site-packages\django\template\base.py", line 1016, in <listcomp>
    return SafeString("".join([node.render_annotated(context) for node in self]))
                               ^^^^^^^^^^^^^^^^^^^^^^^^^^^^^^
  File "C:\Users\Ильназ\PycharmProjects\News_project\.venv\Lib\site-packages\django\template\base.py", line 977, in render_annotated
    return self.render(context)
           ^^^^^^^^^^^^^^^^^^^^
  File "C:\Users\Ильназ\PycharmProjects\News_project\.venv\Lib\site-packages\django\template\loader_tags.py", line 65, in render
    result = block.nodelist.render(context)
             ^^^^^^^^^^^^^^^^^^^^^^^^^^^^^^
  File "C:\Users\Ильназ\PycharmProjects\News_project\.venv\Lib\site-packages\django\template\base.py", line 1016, in render
    return SafeString("".join([node.render_annotated(context) for node in self]))
                              ^^^^^^^^^^^^^^^^^^^^^^^^^^^^^^^^^^^^^^^^^^^^^^^^^
  File "C:\Users\Ильназ\PycharmProjects\News_project\.venv\Lib\site-packages\django\template\base.py", line 1016, in <listcomp>
    return SafeString("".join([node.render_annotated(context) for node in self]))
                               ^^^^^^^^^^^^^^^^^^^^^^^^^^^^^^
  File "C:\Users\Ильназ\PycharmProjects\News_project\.venv\Lib\site-packages\django\template\base.py", line 977, in render_annotated
    return self.render(context)
           ^^^^^^^^^^^^^^^^^^^^
  File "C:\Users\Ильназ\PycharmProjects\News_project\.venv\Lib\site-packages\django\templatetags\tz.py", line 119, in render
    with timezone.override(self.tz.resolve(context)):
  File "C:\Users\Ильназ\PycharmProjects\News_project\.venv\Lib\site-packages\django\utils\timezone.py", line 134, in __enter__
    activate(self.timezone)
  File "C:\Users\Ильназ\PycharmProjects\News_project\.venv\Lib\site-packages\django\utils\timezone.py", line 98, in activate
    _active.value = zoneinfo.ZoneInfo(timezone)
                    ^^^^^^^^^^^^^^^^^^^^^^^^^^^
  File "C:\Program Files\WindowsApps\PythonSoftwareFoundation.Python.3.11_3.11.2544.0_x64__qbz5n2kfra8p0\Lib\zoneinfo\_common.py", line 24, in load_tzdata
    raise ZoneInfoNotFoundError(f"No time zone found with key {key}")
zoneinfo._common.ZoneInfoNotFoundError: 'No time zone found with key -03'
2025-09-15 20:29:21,124 ERROR C:\Users\Ильназ\PycharmProjects\News_project\.venv\Lib\site-packages\django\core\servers\basehttp.py "GET /news/ HTTP/1.1" 500 316010
None
2025-09-15 20:30:15,860 ERROR C:\Users\Ильназ\PycharmProjects\News_project\.venv\Lib\site-packages\django\utils\log.py Internal Server Error: /news/
(<class 'zoneinfo._common.ZoneInfoNotFoundError'>, ZoneInfoNotFoundError('No time zone found with key -03'), <traceback object at 0x0000021AC7F8C4C0>)
Traceback (most recent call last):
  File "C:\Program Files\WindowsApps\PythonSoftwareFoundation.Python.3.11_3.11.2544.0_x64__qbz5n2kfra8p0\Lib\zoneinfo\_common.py", line 12, in load_tzdata
    return resources.files(package_name).joinpath(resource_name).open("rb")
           ^^^^^^^^^^^^^^^^^^^^^^^^^^^^^^^^^^^^^^^^^^^^^^^^^^^^^^^^^^^^^^^^
  File "C:\Program Files\WindowsApps\PythonSoftwareFoundation.Python.3.11_3.11.2544.0_x64__qbz5n2kfra8p0\Lib\pathlib.py", line 1044, in open
    return io.open(self, mode, buffering, encoding, errors, newline)
           ^^^^^^^^^^^^^^^^^^^^^^^^^^^^^^^^^^^^^^^^^^^^^^^^^^^^^^^^^
FileNotFoundError: [Errno 2] No such file or directory: 'C:\\Users\\Ильназ\\PycharmProjects\\News_project\\.venv\\Lib\\site-packages\\tzdata\\zoneinfo\\-03'

During handling of the above exception, another exception occurred:

Traceback (most recent call last):
  File "C:\Users\Ильназ\PycharmProjects\News_project\.venv\Lib\site-packages\django\core\handlers\exception.py", line 55, in inner
    response = get_response(request)
               ^^^^^^^^^^^^^^^^^^^^^
  File "C:\Users\Ильназ\PycharmProjects\News_project\.venv\Lib\site-packages\django\core\handlers\base.py", line 197, in _get_response
    response = wrapped_callback(request, *callback_args, **callback_kwargs)
               ^^^^^^^^^^^^^^^^^^^^^^^^^^^^^^^^^^^^^^^^^^^^^^^^^^^^^^^^^^^^
  File "C:\Users\Ильназ\PycharmProjects\News_project\.venv\Lib\site-packages\django\utils\decorators.py", line 192, in _view_wrapper
    result = _process_exception(request, e)
             ^^^^^^^^^^^^^^^^^^^^^^^^^^^^^^
  File "C:\Users\Ильназ\PycharmProjects\News_project\.venv\Lib\site-packages\django\utils\decorators.py", line 190, in _view_wrapper
    response = view_func(request, *args, **kwargs)
               ^^^^^^^^^^^^^^^^^^^^^^^^^^^^^^^^^^^
  File "C:\Users\Ильназ\PycharmProjects\News_project\.venv\Lib\site-packages\django\views\generic\base.py", line 104, in view
    return self.dispatch(request, *args, **kwargs)
           ^^^^^^^^^^^^^^^^^^^^^^^^^^^^^^^^^^^^^^^
  File "C:\Users\Ильназ\PycharmProjects\News_project\.venv\Lib\site-packages\django\views\generic\base.py", line 143, in dispatch
    return handler(request, *args, **kwargs)
           ^^^^^^^^^^^^^^^^^^^^^^^^^^^^^^^^^
  File "C:\Users\Ильназ\PycharmProjects\News_project\NewsPaper\news\views.py", line 55, in get
    return HttpResponse(render(request, self.template_name, context))
                        ^^^^^^^^^^^^^^^^^^^^^^^^^^^^^^^^^^^^^^^^^^^^
  File "C:\Users\Ильназ\PycharmProjects\News_project\.venv\Lib\site-packages\django\shortcuts.py", line 25, in render
    content = loader.render_to_string(template_name, context, request, using=using)
              ^^^^^^^^^^^^^^^^^^^^^^^^^^^^^^^^^^^^^^^^^^^^^^^^^^^^^^^^^^^^^^^^^^^^^
  File "C:\Users\Ильназ\PycharmProjects\News_project\.venv\Lib\site-packages\django\template\loader.py", line 62, in render_to_string
    return template.render(context, request)
           ^^^^^^^^^^^^^^^^^^^^^^^^^^^^^^^^^
  File "C:\Users\Ильназ\PycharmProjects\News_project\.venv\Lib\site-packages\django\template\backends\django.py", line 107, in render
    return self.template.render(context)
           ^^^^^^^^^^^^^^^^^^^^^^^^^^^^^
  File "C:\Users\Ильназ\PycharmProjects\News_project\.venv\Lib\site-packages\django\template\base.py", line 171, in render
    return self._render(context)
           ^^^^^^^^^^^^^^^^^^^^^
  File "C:\Users\Ильназ\PycharmProjects\News_project\.venv\Lib\site-packages\django\template\base.py", line 163, in _render
    return self.nodelist.render(context)
           ^^^^^^^^^^^^^^^^^^^^^^^^^^^^^
  File "C:\Users\Ильназ\PycharmProjects\News_project\.venv\Lib\site-packages\django\template\base.py", line 1016, in render
    return SafeString("".join([node.render_annotated(context) for node in self]))
                              ^^^^^^^^^^^^^^^^^^^^^^^^^^^^^^^^^^^^^^^^^^^^^^^^^
  File "C:\Users\Ильназ\PycharmProjects\News_project\.venv\Lib\site-packages\django\template\base.py", line 1016, in <listcomp>
    return SafeString("".join([node.render_annotated(context) for node in self]))
                               ^^^^^^^^^^^^^^^^^^^^^^^^^^^^^^
  File "C:\Users\Ильназ\PycharmProjects\News_project\.venv\Lib\site-packages\django\template\base.py", line 977, in render_annotated
    return self.render(context)
           ^^^^^^^^^^^^^^^^^^^^
  File "C:\Users\Ильназ\PycharmProjects\News_project\.venv\Lib\site-packages\django\template\loader_tags.py", line 159, in render
    return compiled_parent._render(context)
           ^^^^^^^^^^^^^^^^^^^^^^^^^^^^^^^^
  File "C:\Users\Ильназ\PycharmProjects\News_project\.venv\Lib\site-packages\django\template\base.py", line 163, in _render
    return self.nodelist.render(context)
           ^^^^^^^^^^^^^^^^^^^^^^^^^^^^^
  File "C:\Users\Ильназ\PycharmProjects\News_project\.venv\Lib\site-packages\django\template\base.py", line 1016, in render
    return SafeString("".join([node.render_annotated(context) for node in self]))
                              ^^^^^^^^^^^^^^^^^^^^^^^^^^^^^^^^^^^^^^^^^^^^^^^^^
  File "C:\Users\Ильназ\PycharmProjects\News_project\.venv\Lib\site-packages\django\template\base.py", line 1016, in <listcomp>
    return SafeString("".join([node.render_annotated(context) for node in self]))
                               ^^^^^^^^^^^^^^^^^^^^^^^^^^^^^^
  File "C:\Users\Ильназ\PycharmProjects\News_project\.venv\Lib\site-packages\django\template\base.py", line 977, in render_annotated
    return self.render(context)
           ^^^^^^^^^^^^^^^^^^^^
  File "C:\Users\Ильназ\PycharmProjects\News_project\.venv\Lib\site-packages\django\template\loader_tags.py", line 65, in render
    result = block.nodelist.render(context)
             ^^^^^^^^^^^^^^^^^^^^^^^^^^^^^^
  File "C:\Users\Ильназ\PycharmProjects\News_project\.venv\Lib\site-packages\django\template\base.py", line 1016, in render
    return SafeString("".join([node.render_annotated(context) for node in self]))
                              ^^^^^^^^^^^^^^^^^^^^^^^^^^^^^^^^^^^^^^^^^^^^^^^^^
  File "C:\Users\Ильназ\PycharmProjects\News_project\.venv\Lib\site-packages\django\template\base.py", line 1016, in <listcomp>
    return SafeString("".join([node.render_annotated(context) for node in self]))
                               ^^^^^^^^^^^^^^^^^^^^^^^^^^^^^^
  File "C:\Users\Ильназ\PycharmProjects\News_project\.venv\Lib\site-packages\django\template\base.py", line 977, in render_annotated
    return self.render(context)
           ^^^^^^^^^^^^^^^^^^^^
  File "C:\Users\Ильназ\PycharmProjects\News_project\.venv\Lib\site-packages\django\templatetags\tz.py", line 119, in render
    with timezone.override(self.tz.resolve(context)):
  File "C:\Users\Ильназ\PycharmProjects\News_project\.venv\Lib\site-packages\django\utils\timezone.py", line 134, in __enter__
    activate(self.timezone)
  File "C:\Users\Ильназ\PycharmProjects\News_project\.venv\Lib\site-packages\django\utils\timezone.py", line 98, in activate
    _active.value = zoneinfo.ZoneInfo(timezone)
                    ^^^^^^^^^^^^^^^^^^^^^^^^^^^
  File "C:\Program Files\WindowsApps\PythonSoftwareFoundation.Python.3.11_3.11.2544.0_x64__qbz5n2kfra8p0\Lib\zoneinfo\_common.py", line 24, in load_tzdata
    raise ZoneInfoNotFoundError(f"No time zone found with key {key}")
zoneinfo._common.ZoneInfoNotFoundError: 'No time zone found with key -03'
2025-09-15 20:30:15,866 ERROR C:\Users\Ильназ\PycharmProjects\News_project\.venv\Lib\site-packages\django\core\servers\basehttp.py "GET /news/ HTTP/1.1" 500 316010
None
2025-09-15 20:30:16,662 ERROR C:\Users\Ильназ\PycharmProjects\News_project\.venv\Lib\site-packages\django\utils\log.py Internal Server Error: /news/
(<class 'zoneinfo._common.ZoneInfoNotFoundError'>, ZoneInfoNotFoundError('No time zone found with key -03'), <traceback object at 0x0000021AC8080900>)
Traceback (most recent call last):
  File "C:\Program Files\WindowsApps\PythonSoftwareFoundation.Python.3.11_3.11.2544.0_x64__qbz5n2kfra8p0\Lib\zoneinfo\_common.py", line 12, in load_tzdata
    return resources.files(package_name).joinpath(resource_name).open("rb")
           ^^^^^^^^^^^^^^^^^^^^^^^^^^^^^^^^^^^^^^^^^^^^^^^^^^^^^^^^^^^^^^^^
  File "C:\Program Files\WindowsApps\PythonSoftwareFoundation.Python.3.11_3.11.2544.0_x64__qbz5n2kfra8p0\Lib\pathlib.py", line 1044, in open
    return io.open(self, mode, buffering, encoding, errors, newline)
           ^^^^^^^^^^^^^^^^^^^^^^^^^^^^^^^^^^^^^^^^^^^^^^^^^^^^^^^^^
FileNotFoundError: [Errno 2] No such file or directory: 'C:\\Users\\Ильназ\\PycharmProjects\\News_project\\.venv\\Lib\\site-packages\\tzdata\\zoneinfo\\-03'

During handling of the above exception, another exception occurred:

Traceback (most recent call last):
  File "C:\Users\Ильназ\PycharmProjects\News_project\.venv\Lib\site-packages\django\core\handlers\exception.py", line 55, in inner
    response = get_response(request)
               ^^^^^^^^^^^^^^^^^^^^^
  File "C:\Users\Ильназ\PycharmProjects\News_project\.venv\Lib\site-packages\django\core\handlers\base.py", line 197, in _get_response
    response = wrapped_callback(request, *callback_args, **callback_kwargs)
               ^^^^^^^^^^^^^^^^^^^^^^^^^^^^^^^^^^^^^^^^^^^^^^^^^^^^^^^^^^^^
  File "C:\Users\Ильназ\PycharmProjects\News_project\.venv\Lib\site-packages\django\utils\decorators.py", line 192, in _view_wrapper
    result = _process_exception(request, e)
             ^^^^^^^^^^^^^^^^^^^^^^^^^^^^^^
  File "C:\Users\Ильназ\PycharmProjects\News_project\.venv\Lib\site-packages\django\utils\decorators.py", line 190, in _view_wrapper
    response = view_func(request, *args, **kwargs)
               ^^^^^^^^^^^^^^^^^^^^^^^^^^^^^^^^^^^
  File "C:\Users\Ильназ\PycharmProjects\News_project\.venv\Lib\site-packages\django\views\generic\base.py", line 104, in view
    return self.dispatch(request, *args, **kwargs)
           ^^^^^^^^^^^^^^^^^^^^^^^^^^^^^^^^^^^^^^^
  File "C:\Users\Ильназ\PycharmProjects\News_project\.venv\Lib\site-packages\django\views\generic\base.py", line 143, in dispatch
    return handler(request, *args, **kwargs)
           ^^^^^^^^^^^^^^^^^^^^^^^^^^^^^^^^^
  File "C:\Users\Ильназ\PycharmProjects\News_project\NewsPaper\news\views.py", line 55, in get
    return HttpResponse(render(request, self.template_name, context))
                        ^^^^^^^^^^^^^^^^^^^^^^^^^^^^^^^^^^^^^^^^^^^^
  File "C:\Users\Ильназ\PycharmProjects\News_project\.venv\Lib\site-packages\django\shortcuts.py", line 25, in render
    content = loader.render_to_string(template_name, context, request, using=using)
              ^^^^^^^^^^^^^^^^^^^^^^^^^^^^^^^^^^^^^^^^^^^^^^^^^^^^^^^^^^^^^^^^^^^^^
  File "C:\Users\Ильназ\PycharmProjects\News_project\.venv\Lib\site-packages\django\template\loader.py", line 62, in render_to_string
    return template.render(context, request)
           ^^^^^^^^^^^^^^^^^^^^^^^^^^^^^^^^^
  File "C:\Users\Ильназ\PycharmProjects\News_project\.venv\Lib\site-packages\django\template\backends\django.py", line 107, in render
    return self.template.render(context)
           ^^^^^^^^^^^^^^^^^^^^^^^^^^^^^
  File "C:\Users\Ильназ\PycharmProjects\News_project\.venv\Lib\site-packages\django\template\base.py", line 171, in render
    return self._render(context)
           ^^^^^^^^^^^^^^^^^^^^^
  File "C:\Users\Ильназ\PycharmProjects\News_project\.venv\Lib\site-packages\django\template\base.py", line 163, in _render
    return self.nodelist.render(context)
           ^^^^^^^^^^^^^^^^^^^^^^^^^^^^^
  File "C:\Users\Ильназ\PycharmProjects\News_project\.venv\Lib\site-packages\django\template\base.py", line 1016, in render
    return SafeString("".join([node.render_annotated(context) for node in self]))
                              ^^^^^^^^^^^^^^^^^^^^^^^^^^^^^^^^^^^^^^^^^^^^^^^^^
  File "C:\Users\Ильназ\PycharmProjects\News_project\.venv\Lib\site-packages\django\template\base.py", line 1016, in <listcomp>
    return SafeString("".join([node.render_annotated(context) for node in self]))
                               ^^^^^^^^^^^^^^^^^^^^^^^^^^^^^^
  File "C:\Users\Ильназ\PycharmProjects\News_project\.venv\Lib\site-packages\django\template\base.py", line 977, in render_annotated
    return self.render(context)
           ^^^^^^^^^^^^^^^^^^^^
  File "C:\Users\Ильназ\PycharmProjects\News_project\.venv\Lib\site-packages\django\template\loader_tags.py", line 159, in render
    return compiled_parent._render(context)
           ^^^^^^^^^^^^^^^^^^^^^^^^^^^^^^^^
  File "C:\Users\Ильназ\PycharmProjects\News_project\.venv\Lib\site-packages\django\template\base.py", line 163, in _render
    return self.nodelist.render(context)
           ^^^^^^^^^^^^^^^^^^^^^^^^^^^^^
  File "C:\Users\Ильназ\PycharmProjects\News_project\.venv\Lib\site-packages\django\template\base.py", line 1016, in render
    return SafeString("".join([node.render_annotated(context) for node in self]))
                              ^^^^^^^^^^^^^^^^^^^^^^^^^^^^^^^^^^^^^^^^^^^^^^^^^
  File "C:\Users\Ильназ\PycharmProjects\News_project\.venv\Lib\site-packages\django\template\base.py", line 1016, in <listcomp>
    return SafeString("".join([node.render_annotated(context) for node in self]))
                               ^^^^^^^^^^^^^^^^^^^^^^^^^^^^^^
  File "C:\Users\Ильназ\PycharmProjects\News_project\.venv\Lib\site-packages\django\template\base.py", line 977, in render_annotated
    return self.render(context)
           ^^^^^^^^^^^^^^^^^^^^
  File "C:\Users\Ильназ\PycharmProjects\News_project\.venv\Lib\site-packages\django\template\loader_tags.py", line 65, in render
    result = block.nodelist.render(context)
             ^^^^^^^^^^^^^^^^^^^^^^^^^^^^^^
  File "C:\Users\Ильназ\PycharmProjects\News_project\.venv\Lib\site-packages\django\template\base.py", line 1016, in render
    return SafeString("".join([node.render_annotated(context) for node in self]))
                              ^^^^^^^^^^^^^^^^^^^^^^^^^^^^^^^^^^^^^^^^^^^^^^^^^
  File "C:\Users\Ильназ\PycharmProjects\News_project\.venv\Lib\site-packages\django\template\base.py", line 1016, in <listcomp>
    return SafeString("".join([node.render_annotated(context) for node in self]))
                               ^^^^^^^^^^^^^^^^^^^^^^^^^^^^^^
  File "C:\Users\Ильназ\PycharmProjects\News_project\.venv\Lib\site-packages\django\template\base.py", line 977, in render_annotated
    return self.render(context)
           ^^^^^^^^^^^^^^^^^^^^
  File "C:\Users\Ильназ\PycharmProjects\News_project\.venv\Lib\site-packages\django\templatetags\tz.py", line 119, in render
    with timezone.override(self.tz.resolve(context)):
  File "C:\Users\Ильназ\PycharmProjects\News_project\.venv\Lib\site-packages\django\utils\timezone.py", line 134, in __enter__
    activate(self.timezone)
  File "C:\Users\Ильназ\PycharmProjects\News_project\.venv\Lib\site-packages\django\utils\timezone.py", line 98, in activate
    _active.value = zoneinfo.ZoneInfo(timezone)
                    ^^^^^^^^^^^^^^^^^^^^^^^^^^^
  File "C:\Program Files\WindowsApps\PythonSoftwareFoundation.Python.3.11_3.11.2544.0_x64__qbz5n2kfra8p0\Lib\zoneinfo\_common.py", line 24, in load_tzdata
    raise ZoneInfoNotFoundError(f"No time zone found with key {key}")
zoneinfo._common.ZoneInfoNotFoundError: 'No time zone found with key -03'
2025-09-15 20:30:16,664 ERROR C:\Users\Ильназ\PycharmProjects\News_project\.venv\Lib\site-packages\django\core\servers\basehttp.py "GET /news/ HTTP/1.1" 500 316010
None
2025-09-15 20:30:33,277 ERROR C:\Users\Ильназ\PycharmProjects\News_project\.venv\Lib\site-packages\django\utils\log.py Internal Server Error: /news/
(<class 'zoneinfo._common.ZoneInfoNotFoundError'>, ZoneInfoNotFoundError('No time zone found with key -03'), <traceback object at 0x0000023CF1BB3940>)
Traceback (most recent call last):
  File "C:\Program Files\WindowsApps\PythonSoftwareFoundation.Python.3.11_3.11.2544.0_x64__qbz5n2kfra8p0\Lib\zoneinfo\_common.py", line 12, in load_tzdata
    return resources.files(package_name).joinpath(resource_name).open("rb")
           ^^^^^^^^^^^^^^^^^^^^^^^^^^^^^^^^^^^^^^^^^^^^^^^^^^^^^^^^^^^^^^^^
  File "C:\Program Files\WindowsApps\PythonSoftwareFoundation.Python.3.11_3.11.2544.0_x64__qbz5n2kfra8p0\Lib\pathlib.py", line 1044, in open
    return io.open(self, mode, buffering, encoding, errors, newline)
           ^^^^^^^^^^^^^^^^^^^^^^^^^^^^^^^^^^^^^^^^^^^^^^^^^^^^^^^^^
FileNotFoundError: [Errno 2] No such file or directory: 'C:\\Users\\Ильназ\\PycharmProjects\\News_project\\.venv\\Lib\\site-packages\\tzdata\\zoneinfo\\-03'

During handling of the above exception, another exception occurred:

Traceback (most recent call last):
  File "C:\Users\Ильназ\PycharmProjects\News_project\.venv\Lib\site-packages\django\core\handlers\exception.py", line 55, in inner
    response = get_response(request)
               ^^^^^^^^^^^^^^^^^^^^^
  File "C:\Users\Ильназ\PycharmProjects\News_project\.venv\Lib\site-packages\django\core\handlers\base.py", line 197, in _get_response
    response = wrapped_callback(request, *callback_args, **callback_kwargs)
               ^^^^^^^^^^^^^^^^^^^^^^^^^^^^^^^^^^^^^^^^^^^^^^^^^^^^^^^^^^^^
  File "C:\Users\Ильназ\PycharmProjects\News_project\.venv\Lib\site-packages\django\utils\decorators.py", line 192, in _view_wrapper
    result = _process_exception(request, e)
             ^^^^^^^^^^^^^^^^^^^^^^^^^^^^^^
  File "C:\Users\Ильназ\PycharmProjects\News_project\.venv\Lib\site-packages\django\utils\decorators.py", line 190, in _view_wrapper
    response = view_func(request, *args, **kwargs)
               ^^^^^^^^^^^^^^^^^^^^^^^^^^^^^^^^^^^
  File "C:\Users\Ильназ\PycharmProjects\News_project\.venv\Lib\site-packages\django\views\generic\base.py", line 104, in view
    return self.dispatch(request, *args, **kwargs)
           ^^^^^^^^^^^^^^^^^^^^^^^^^^^^^^^^^^^^^^^
  File "C:\Users\Ильназ\PycharmProjects\News_project\.venv\Lib\site-packages\django\views\generic\base.py", line 143, in dispatch
    return handler(request, *args, **kwargs)
           ^^^^^^^^^^^^^^^^^^^^^^^^^^^^^^^^^
  File "C:\Users\Ильназ\PycharmProjects\News_project\NewsPaper\news\views.py", line 55, in get
    return HttpResponse(render(request, self.template_name, context))
                        ^^^^^^^^^^^^^^^^^^^^^^^^^^^^^^^^^^^^^^^^^^^^
  File "C:\Users\Ильназ\PycharmProjects\News_project\.venv\Lib\site-packages\django\shortcuts.py", line 25, in render
    content = loader.render_to_string(template_name, context, request, using=using)
              ^^^^^^^^^^^^^^^^^^^^^^^^^^^^^^^^^^^^^^^^^^^^^^^^^^^^^^^^^^^^^^^^^^^^^
  File "C:\Users\Ильназ\PycharmProjects\News_project\.venv\Lib\site-packages\django\template\loader.py", line 62, in render_to_string
    return template.render(context, request)
           ^^^^^^^^^^^^^^^^^^^^^^^^^^^^^^^^^
  File "C:\Users\Ильназ\PycharmProjects\News_project\.venv\Lib\site-packages\django\template\backends\django.py", line 107, in render
    return self.template.render(context)
           ^^^^^^^^^^^^^^^^^^^^^^^^^^^^^
  File "C:\Users\Ильназ\PycharmProjects\News_project\.venv\Lib\site-packages\django\template\base.py", line 171, in render
    return self._render(context)
           ^^^^^^^^^^^^^^^^^^^^^
  File "C:\Users\Ильназ\PycharmProjects\News_project\.venv\Lib\site-packages\django\template\base.py", line 163, in _render
    return self.nodelist.render(context)
           ^^^^^^^^^^^^^^^^^^^^^^^^^^^^^
  File "C:\Users\Ильназ\PycharmProjects\News_project\.venv\Lib\site-packages\django\template\base.py", line 1016, in render
    return SafeString("".join([node.render_annotated(context) for node in self]))
                              ^^^^^^^^^^^^^^^^^^^^^^^^^^^^^^^^^^^^^^^^^^^^^^^^^
  File "C:\Users\Ильназ\PycharmProjects\News_project\.venv\Lib\site-packages\django\template\base.py", line 1016, in <listcomp>
    return SafeString("".join([node.render_annotated(context) for node in self]))
                               ^^^^^^^^^^^^^^^^^^^^^^^^^^^^^^
  File "C:\Users\Ильназ\PycharmProjects\News_project\.venv\Lib\site-packages\django\template\base.py", line 977, in render_annotated
    return self.render(context)
           ^^^^^^^^^^^^^^^^^^^^
  File "C:\Users\Ильназ\PycharmProjects\News_project\.venv\Lib\site-packages\django\template\loader_tags.py", line 159, in render
    return compiled_parent._render(context)
           ^^^^^^^^^^^^^^^^^^^^^^^^^^^^^^^^
  File "C:\Users\Ильназ\PycharmProjects\News_project\.venv\Lib\site-packages\django\template\base.py", line 163, in _render
    return self.nodelist.render(context)
           ^^^^^^^^^^^^^^^^^^^^^^^^^^^^^
  File "C:\Users\Ильназ\PycharmProjects\News_project\.venv\Lib\site-packages\django\template\base.py", line 1016, in render
    return SafeString("".join([node.render_annotated(context) for node in self]))
                              ^^^^^^^^^^^^^^^^^^^^^^^^^^^^^^^^^^^^^^^^^^^^^^^^^
  File "C:\Users\Ильназ\PycharmProjects\News_project\.venv\Lib\site-packages\django\template\base.py", line 1016, in <listcomp>
    return SafeString("".join([node.render_annotated(context) for node in self]))
                               ^^^^^^^^^^^^^^^^^^^^^^^^^^^^^^
  File "C:\Users\Ильназ\PycharmProjects\News_project\.venv\Lib\site-packages\django\template\base.py", line 977, in render_annotated
    return self.render(context)
           ^^^^^^^^^^^^^^^^^^^^
  File "C:\Users\Ильназ\PycharmProjects\News_project\.venv\Lib\site-packages\django\template\loader_tags.py", line 65, in render
    result = block.nodelist.render(context)
             ^^^^^^^^^^^^^^^^^^^^^^^^^^^^^^
  File "C:\Users\Ильназ\PycharmProjects\News_project\.venv\Lib\site-packages\django\template\base.py", line 1016, in render
    return SafeString("".join([node.render_annotated(context) for node in self]))
                              ^^^^^^^^^^^^^^^^^^^^^^^^^^^^^^^^^^^^^^^^^^^^^^^^^
  File "C:\Users\Ильназ\PycharmProjects\News_project\.venv\Lib\site-packages\django\template\base.py", line 1016, in <listcomp>
    return SafeString("".join([node.render_annotated(context) for node in self]))
                               ^^^^^^^^^^^^^^^^^^^^^^^^^^^^^^
  File "C:\Users\Ильназ\PycharmProjects\News_project\.venv\Lib\site-packages\django\template\base.py", line 977, in render_annotated
    return self.render(context)
           ^^^^^^^^^^^^^^^^^^^^
  File "C:\Users\Ильназ\PycharmProjects\News_project\.venv\Lib\site-packages\django\templatetags\tz.py", line 119, in render
    with timezone.override(self.tz.resolve(context)):
  File "C:\Users\Ильназ\PycharmProjects\News_project\.venv\Lib\site-packages\django\utils\timezone.py", line 134, in __enter__
    activate(self.timezone)
  File "C:\Users\Ильназ\PycharmProjects\News_project\.venv\Lib\site-packages\django\utils\timezone.py", line 98, in activate
    _active.value = zoneinfo.ZoneInfo(timezone)
                    ^^^^^^^^^^^^^^^^^^^^^^^^^^^
  File "C:\Program Files\WindowsApps\PythonSoftwareFoundation.Python.3.11_3.11.2544.0_x64__qbz5n2kfra8p0\Lib\zoneinfo\_common.py", line 24, in load_tzdata
    raise ZoneInfoNotFoundError(f"No time zone found with key {key}")
zoneinfo._common.ZoneInfoNotFoundError: 'No time zone found with key -03'
2025-09-15 20:30:33,280 ERROR C:\Users\Ильназ\PycharmProjects\News_project\.venv\Lib\site-packages\django\core\servers\basehttp.py "GET /news/ HTTP/1.1" 500 315717
None
2025-09-15 20:30:42,299 ERROR C:\Users\Ильназ\PycharmProjects\News_project\.venv\Lib\site-packages\django\utils\log.py Internal Server Error: /news/
(<class 'zoneinfo._common.ZoneInfoNotFoundError'>, ZoneInfoNotFoundError('No time zone found with key -03'), <traceback object at 0x000001E6580B3600>)
Traceback (most recent call last):
  File "C:\Program Files\WindowsApps\PythonSoftwareFoundation.Python.3.11_3.11.2544.0_x64__qbz5n2kfra8p0\Lib\zoneinfo\_common.py", line 12, in load_tzdata
    return resources.files(package_name).joinpath(resource_name).open("rb")
           ^^^^^^^^^^^^^^^^^^^^^^^^^^^^^^^^^^^^^^^^^^^^^^^^^^^^^^^^^^^^^^^^
  File "C:\Program Files\WindowsApps\PythonSoftwareFoundation.Python.3.11_3.11.2544.0_x64__qbz5n2kfra8p0\Lib\pathlib.py", line 1044, in open
    return io.open(self, mode, buffering, encoding, errors, newline)
           ^^^^^^^^^^^^^^^^^^^^^^^^^^^^^^^^^^^^^^^^^^^^^^^^^^^^^^^^^
FileNotFoundError: [Errno 2] No such file or directory: 'C:\\Users\\Ильназ\\PycharmProjects\\News_project\\.venv\\Lib\\site-packages\\tzdata\\zoneinfo\\-03'

During handling of the above exception, another exception occurred:

Traceback (most recent call last):
  File "C:\Users\Ильназ\PycharmProjects\News_project\.venv\Lib\site-packages\django\core\handlers\exception.py", line 55, in inner
    response = get_response(request)
               ^^^^^^^^^^^^^^^^^^^^^
  File "C:\Users\Ильназ\PycharmProjects\News_project\.venv\Lib\site-packages\django\core\handlers\base.py", line 197, in _get_response
    response = wrapped_callback(request, *callback_args, **callback_kwargs)
               ^^^^^^^^^^^^^^^^^^^^^^^^^^^^^^^^^^^^^^^^^^^^^^^^^^^^^^^^^^^^
  File "C:\Users\Ильназ\PycharmProjects\News_project\.venv\Lib\site-packages\django\utils\decorators.py", line 192, in _view_wrapper
    result = _process_exception(request, e)
             ^^^^^^^^^^^^^^^^^^^^^^^^^^^^^^
  File "C:\Users\Ильназ\PycharmProjects\News_project\.venv\Lib\site-packages\django\utils\decorators.py", line 190, in _view_wrapper
    response = view_func(request, *args, **kwargs)
               ^^^^^^^^^^^^^^^^^^^^^^^^^^^^^^^^^^^
  File "C:\Users\Ильназ\PycharmProjects\News_project\.venv\Lib\site-packages\django\views\generic\base.py", line 104, in view
    return self.dispatch(request, *args, **kwargs)
           ^^^^^^^^^^^^^^^^^^^^^^^^^^^^^^^^^^^^^^^
  File "C:\Users\Ильназ\PycharmProjects\News_project\.venv\Lib\site-packages\django\views\generic\base.py", line 143, in dispatch
    return handler(request, *args, **kwargs)
           ^^^^^^^^^^^^^^^^^^^^^^^^^^^^^^^^^
  File "C:\Users\Ильназ\PycharmProjects\News_project\NewsPaper\news\views.py", line 55, in get
    return HttpResponse(render(request, self.template_name, context))
                        ^^^^^^^^^^^^^^^^^^^^^^^^^^^^^^^^^^^^^^^^^^^^
  File "C:\Users\Ильназ\PycharmProjects\News_project\.venv\Lib\site-packages\django\shortcuts.py", line 25, in render
    content = loader.render_to_string(template_name, context, request, using=using)
              ^^^^^^^^^^^^^^^^^^^^^^^^^^^^^^^^^^^^^^^^^^^^^^^^^^^^^^^^^^^^^^^^^^^^^
  File "C:\Users\Ильназ\PycharmProjects\News_project\.venv\Lib\site-packages\django\template\loader.py", line 62, in render_to_string
    return template.render(context, request)
           ^^^^^^^^^^^^^^^^^^^^^^^^^^^^^^^^^
  File "C:\Users\Ильназ\PycharmProjects\News_project\.venv\Lib\site-packages\django\template\backends\django.py", line 107, in render
    return self.template.render(context)
           ^^^^^^^^^^^^^^^^^^^^^^^^^^^^^
  File "C:\Users\Ильназ\PycharmProjects\News_project\.venv\Lib\site-packages\django\template\base.py", line 171, in render
    return self._render(context)
           ^^^^^^^^^^^^^^^^^^^^^
  File "C:\Users\Ильназ\PycharmProjects\News_project\.venv\Lib\site-packages\django\template\base.py", line 163, in _render
    return self.nodelist.render(context)
           ^^^^^^^^^^^^^^^^^^^^^^^^^^^^^
  File "C:\Users\Ильназ\PycharmProjects\News_project\.venv\Lib\site-packages\django\template\base.py", line 1016, in render
    return SafeString("".join([node.render_annotated(context) for node in self]))
                              ^^^^^^^^^^^^^^^^^^^^^^^^^^^^^^^^^^^^^^^^^^^^^^^^^
  File "C:\Users\Ильназ\PycharmProjects\News_project\.venv\Lib\site-packages\django\template\base.py", line 1016, in <listcomp>
    return SafeString("".join([node.render_annotated(context) for node in self]))
                               ^^^^^^^^^^^^^^^^^^^^^^^^^^^^^^
  File "C:\Users\Ильназ\PycharmProjects\News_project\.venv\Lib\site-packages\django\template\base.py", line 977, in render_annotated
    return self.render(context)
           ^^^^^^^^^^^^^^^^^^^^
  File "C:\Users\Ильназ\PycharmProjects\News_project\.venv\Lib\site-packages\django\template\loader_tags.py", line 159, in render
    return compiled_parent._render(context)
           ^^^^^^^^^^^^^^^^^^^^^^^^^^^^^^^^
  File "C:\Users\Ильназ\PycharmProjects\News_project\.venv\Lib\site-packages\django\template\base.py", line 163, in _render
    return self.nodelist.render(context)
           ^^^^^^^^^^^^^^^^^^^^^^^^^^^^^
  File "C:\Users\Ильназ\PycharmProjects\News_project\.venv\Lib\site-packages\django\template\base.py", line 1016, in render
    return SafeString("".join([node.render_annotated(context) for node in self]))
                              ^^^^^^^^^^^^^^^^^^^^^^^^^^^^^^^^^^^^^^^^^^^^^^^^^
  File "C:\Users\Ильназ\PycharmProjects\News_project\.venv\Lib\site-packages\django\template\base.py", line 1016, in <listcomp>
    return SafeString("".join([node.render_annotated(context) for node in self]))
                               ^^^^^^^^^^^^^^^^^^^^^^^^^^^^^^
  File "C:\Users\Ильназ\PycharmProjects\News_project\.venv\Lib\site-packages\django\template\base.py", line 977, in render_annotated
    return self.render(context)
           ^^^^^^^^^^^^^^^^^^^^
  File "C:\Users\Ильназ\PycharmProjects\News_project\.venv\Lib\site-packages\django\template\loader_tags.py", line 65, in render
    result = block.nodelist.render(context)
             ^^^^^^^^^^^^^^^^^^^^^^^^^^^^^^
  File "C:\Users\Ильназ\PycharmProjects\News_project\.venv\Lib\site-packages\django\template\base.py", line 1016, in render
    return SafeString("".join([node.render_annotated(context) for node in self]))
                              ^^^^^^^^^^^^^^^^^^^^^^^^^^^^^^^^^^^^^^^^^^^^^^^^^
  File "C:\Users\Ильназ\PycharmProjects\News_project\.venv\Lib\site-packages\django\template\base.py", line 1016, in <listcomp>
    return SafeString("".join([node.render_annotated(context) for node in self]))
                               ^^^^^^^^^^^^^^^^^^^^^^^^^^^^^^
  File "C:\Users\Ильназ\PycharmProjects\News_project\.venv\Lib\site-packages\django\template\base.py", line 977, in render_annotated
    return self.render(context)
           ^^^^^^^^^^^^^^^^^^^^
  File "C:\Users\Ильназ\PycharmProjects\News_project\.venv\Lib\site-packages\django\templatetags\tz.py", line 119, in render
    with timezone.override(self.tz.resolve(context)):
  File "C:\Users\Ильназ\PycharmProjects\News_project\.venv\Lib\site-packages\django\utils\timezone.py", line 134, in __enter__
    activate(self.timezone)
  File "C:\Users\Ильназ\PycharmProjects\News_project\.venv\Lib\site-packages\django\utils\timezone.py", line 98, in activate
    _active.value = zoneinfo.ZoneInfo(timezone)
                    ^^^^^^^^^^^^^^^^^^^^^^^^^^^
  File "C:\Program Files\WindowsApps\PythonSoftwareFoundation.Python.3.11_3.11.2544.0_x64__qbz5n2kfra8p0\Lib\zoneinfo\_common.py", line 24, in load_tzdata
    raise ZoneInfoNotFoundError(f"No time zone found with key {key}")
zoneinfo._common.ZoneInfoNotFoundError: 'No time zone found with key -03'
2025-09-15 20:30:42,303 ERROR C:\Users\Ильназ\PycharmProjects\News_project\.venv\Lib\site-packages\django\core\servers\basehttp.py "GET /news/ HTTP/1.1" 500 315854
None
2025-09-15 20:30:42,994 ERROR C:\Users\Ильназ\PycharmProjects\News_project\.venv\Lib\site-packages\django\utils\log.py Internal Server Error: /news/
(<class 'zoneinfo._common.ZoneInfoNotFoundError'>, ZoneInfoNotFoundError('No time zone found with key -03'), <traceback object at 0x000001E6581C0240>)
Traceback (most recent call last):
  File "C:\Program Files\WindowsApps\PythonSoftwareFoundation.Python.3.11_3.11.2544.0_x64__qbz5n2kfra8p0\Lib\zoneinfo\_common.py", line 12, in load_tzdata
    return resources.files(package_name).joinpath(resource_name).open("rb")
           ^^^^^^^^^^^^^^^^^^^^^^^^^^^^^^^^^^^^^^^^^^^^^^^^^^^^^^^^^^^^^^^^
  File "C:\Program Files\WindowsApps\PythonSoftwareFoundation.Python.3.11_3.11.2544.0_x64__qbz5n2kfra8p0\Lib\pathlib.py", line 1044, in open
    return io.open(self, mode, buffering, encoding, errors, newline)
           ^^^^^^^^^^^^^^^^^^^^^^^^^^^^^^^^^^^^^^^^^^^^^^^^^^^^^^^^^
FileNotFoundError: [Errno 2] No such file or directory: 'C:\\Users\\Ильназ\\PycharmProjects\\News_project\\.venv\\Lib\\site-packages\\tzdata\\zoneinfo\\-03'

During handling of the above exception, another exception occurred:

Traceback (most recent call last):
  File "C:\Users\Ильназ\PycharmProjects\News_project\.venv\Lib\site-packages\django\core\handlers\exception.py", line 55, in inner
    response = get_response(request)
               ^^^^^^^^^^^^^^^^^^^^^
  File "C:\Users\Ильназ\PycharmProjects\News_project\.venv\Lib\site-packages\django\core\handlers\base.py", line 197, in _get_response
    response = wrapped_callback(request, *callback_args, **callback_kwargs)
               ^^^^^^^^^^^^^^^^^^^^^^^^^^^^^^^^^^^^^^^^^^^^^^^^^^^^^^^^^^^^
  File "C:\Users\Ильназ\PycharmProjects\News_project\.venv\Lib\site-packages\django\utils\decorators.py", line 192, in _view_wrapper
    result = _process_exception(request, e)
             ^^^^^^^^^^^^^^^^^^^^^^^^^^^^^^
  File "C:\Users\Ильназ\PycharmProjects\News_project\.venv\Lib\site-packages\django\utils\decorators.py", line 190, in _view_wrapper
    response = view_func(request, *args, **kwargs)
               ^^^^^^^^^^^^^^^^^^^^^^^^^^^^^^^^^^^
  File "C:\Users\Ильназ\PycharmProjects\News_project\.venv\Lib\site-packages\django\views\generic\base.py", line 104, in view
    return self.dispatch(request, *args, **kwargs)
           ^^^^^^^^^^^^^^^^^^^^^^^^^^^^^^^^^^^^^^^
  File "C:\Users\Ильназ\PycharmProjects\News_project\.venv\Lib\site-packages\django\views\generic\base.py", line 143, in dispatch
    return handler(request, *args, **kwargs)
           ^^^^^^^^^^^^^^^^^^^^^^^^^^^^^^^^^
  File "C:\Users\Ильназ\PycharmProjects\News_project\NewsPaper\news\views.py", line 55, in get
    return HttpResponse(render(request, self.template_name, context))
                        ^^^^^^^^^^^^^^^^^^^^^^^^^^^^^^^^^^^^^^^^^^^^
  File "C:\Users\Ильназ\PycharmProjects\News_project\.venv\Lib\site-packages\django\shortcuts.py", line 25, in render
    content = loader.render_to_string(template_name, context, request, using=using)
              ^^^^^^^^^^^^^^^^^^^^^^^^^^^^^^^^^^^^^^^^^^^^^^^^^^^^^^^^^^^^^^^^^^^^^
  File "C:\Users\Ильназ\PycharmProjects\News_project\.venv\Lib\site-packages\django\template\loader.py", line 62, in render_to_string
    return template.render(context, request)
           ^^^^^^^^^^^^^^^^^^^^^^^^^^^^^^^^^
  File "C:\Users\Ильназ\PycharmProjects\News_project\.venv\Lib\site-packages\django\template\backends\django.py", line 107, in render
    return self.template.render(context)
           ^^^^^^^^^^^^^^^^^^^^^^^^^^^^^
  File "C:\Users\Ильназ\PycharmProjects\News_project\.venv\Lib\site-packages\django\template\base.py", line 171, in render
    return self._render(context)
           ^^^^^^^^^^^^^^^^^^^^^
  File "C:\Users\Ильназ\PycharmProjects\News_project\.venv\Lib\site-packages\django\template\base.py", line 163, in _render
    return self.nodelist.render(context)
           ^^^^^^^^^^^^^^^^^^^^^^^^^^^^^
  File "C:\Users\Ильназ\PycharmProjects\News_project\.venv\Lib\site-packages\django\template\base.py", line 1016, in render
    return SafeString("".join([node.render_annotated(context) for node in self]))
                              ^^^^^^^^^^^^^^^^^^^^^^^^^^^^^^^^^^^^^^^^^^^^^^^^^
  File "C:\Users\Ильназ\PycharmProjects\News_project\.venv\Lib\site-packages\django\template\base.py", line 1016, in <listcomp>
    return SafeString("".join([node.render_annotated(context) for node in self]))
                               ^^^^^^^^^^^^^^^^^^^^^^^^^^^^^^
  File "C:\Users\Ильназ\PycharmProjects\News_project\.venv\Lib\site-packages\django\template\base.py", line 977, in render_annotated
    return self.render(context)
           ^^^^^^^^^^^^^^^^^^^^
  File "C:\Users\Ильназ\PycharmProjects\News_project\.venv\Lib\site-packages\django\template\loader_tags.py", line 159, in render
    return compiled_parent._render(context)
           ^^^^^^^^^^^^^^^^^^^^^^^^^^^^^^^^
  File "C:\Users\Ильназ\PycharmProjects\News_project\.venv\Lib\site-packages\django\template\base.py", line 163, in _render
    return self.nodelist.render(context)
           ^^^^^^^^^^^^^^^^^^^^^^^^^^^^^
  File "C:\Users\Ильназ\PycharmProjects\News_project\.venv\Lib\site-packages\django\template\base.py", line 1016, in render
    return SafeString("".join([node.render_annotated(context) for node in self]))
                              ^^^^^^^^^^^^^^^^^^^^^^^^^^^^^^^^^^^^^^^^^^^^^^^^^
  File "C:\Users\Ильназ\PycharmProjects\News_project\.venv\Lib\site-packages\django\template\base.py", line 1016, in <listcomp>
    return SafeString("".join([node.render_annotated(context) for node in self]))
                               ^^^^^^^^^^^^^^^^^^^^^^^^^^^^^^
  File "C:\Users\Ильназ\PycharmProjects\News_project\.venv\Lib\site-packages\django\template\base.py", line 977, in render_annotated
    return self.render(context)
           ^^^^^^^^^^^^^^^^^^^^
  File "C:\Users\Ильназ\PycharmProjects\News_project\.venv\Lib\site-packages\django\template\loader_tags.py", line 65, in render
    result = block.nodelist.render(context)
             ^^^^^^^^^^^^^^^^^^^^^^^^^^^^^^
  File "C:\Users\Ильназ\PycharmProjects\News_project\.venv\Lib\site-packages\django\template\base.py", line 1016, in render
    return SafeString("".join([node.render_annotated(context) for node in self]))
                              ^^^^^^^^^^^^^^^^^^^^^^^^^^^^^^^^^^^^^^^^^^^^^^^^^
  File "C:\Users\Ильназ\PycharmProjects\News_project\.venv\Lib\site-packages\django\template\base.py", line 1016, in <listcomp>
    return SafeString("".join([node.render_annotated(context) for node in self]))
                               ^^^^^^^^^^^^^^^^^^^^^^^^^^^^^^
  File "C:\Users\Ильназ\PycharmProjects\News_project\.venv\Lib\site-packages\django\template\base.py", line 977, in render_annotated
    return self.render(context)
           ^^^^^^^^^^^^^^^^^^^^
  File "C:\Users\Ильназ\PycharmProjects\News_project\.venv\Lib\site-packages\django\templatetags\tz.py", line 119, in render
    with timezone.override(self.tz.resolve(context)):
  File "C:\Users\Ильназ\PycharmProjects\News_project\.venv\Lib\site-packages\django\utils\timezone.py", line 134, in __enter__
    activate(self.timezone)
  File "C:\Users\Ильназ\PycharmProjects\News_project\.venv\Lib\site-packages\django\utils\timezone.py", line 98, in activate
    _active.value = zoneinfo.ZoneInfo(timezone)
                    ^^^^^^^^^^^^^^^^^^^^^^^^^^^
  File "C:\Program Files\WindowsApps\PythonSoftwareFoundation.Python.3.11_3.11.2544.0_x64__qbz5n2kfra8p0\Lib\zoneinfo\_common.py", line 24, in load_tzdata
    raise ZoneInfoNotFoundError(f"No time zone found with key {key}")
zoneinfo._common.ZoneInfoNotFoundError: 'No time zone found with key -03'
2025-09-15 20:30:42,996 ERROR C:\Users\Ильназ\PycharmProjects\News_project\.venv\Lib\site-packages\django\core\servers\basehttp.py "GET /news/ HTTP/1.1" 500 315854
None
2025-09-15 20:31:59,396 ERROR C:\Users\Ильназ\PycharmProjects\News_project\.venv\Lib\site-packages\django\utils\log.py Internal Server Error: /news/
(<class 'zoneinfo._common.ZoneInfoNotFoundError'>, ZoneInfoNotFoundError('No time zone found with key -03'), <traceback object at 0x000001B189443100>)
Traceback (most recent call last):
  File "C:\Program Files\WindowsApps\PythonSoftwareFoundation.Python.3.11_3.11.2544.0_x64__qbz5n2kfra8p0\Lib\zoneinfo\_common.py", line 12, in load_tzdata
    return resources.files(package_name).joinpath(resource_name).open("rb")
           ^^^^^^^^^^^^^^^^^^^^^^^^^^^^^^^^^^^^^^^^^^^^^^^^^^^^^^^^^^^^^^^^
  File "C:\Program Files\WindowsApps\PythonSoftwareFoundation.Python.3.11_3.11.2544.0_x64__qbz5n2kfra8p0\Lib\pathlib.py", line 1044, in open
    return io.open(self, mode, buffering, encoding, errors, newline)
           ^^^^^^^^^^^^^^^^^^^^^^^^^^^^^^^^^^^^^^^^^^^^^^^^^^^^^^^^^
FileNotFoundError: [Errno 2] No such file or directory: 'C:\\Users\\Ильназ\\PycharmProjects\\News_project\\.venv\\Lib\\site-packages\\tzdata\\zoneinfo\\-03'

During handling of the above exception, another exception occurred:

Traceback (most recent call last):
  File "C:\Users\Ильназ\PycharmProjects\News_project\.venv\Lib\site-packages\django\core\handlers\exception.py", line 55, in inner
    response = get_response(request)
               ^^^^^^^^^^^^^^^^^^^^^
  File "C:\Users\Ильназ\PycharmProjects\News_project\.venv\Lib\site-packages\django\core\handlers\base.py", line 197, in _get_response
    response = wrapped_callback(request, *callback_args, **callback_kwargs)
               ^^^^^^^^^^^^^^^^^^^^^^^^^^^^^^^^^^^^^^^^^^^^^^^^^^^^^^^^^^^^
  File "C:\Users\Ильназ\PycharmProjects\News_project\.venv\Lib\site-packages\django\utils\decorators.py", line 192, in _view_wrapper
    result = _process_exception(request, e)
             ^^^^^^^^^^^^^^^^^^^^^^^^^^^^^^
  File "C:\Users\Ильназ\PycharmProjects\News_project\.venv\Lib\site-packages\django\utils\decorators.py", line 190, in _view_wrapper
    response = view_func(request, *args, **kwargs)
               ^^^^^^^^^^^^^^^^^^^^^^^^^^^^^^^^^^^
  File "C:\Users\Ильназ\PycharmProjects\News_project\.venv\Lib\site-packages\django\views\generic\base.py", line 104, in view
    return self.dispatch(request, *args, **kwargs)
           ^^^^^^^^^^^^^^^^^^^^^^^^^^^^^^^^^^^^^^^
  File "C:\Users\Ильназ\PycharmProjects\News_project\.venv\Lib\site-packages\django\views\generic\base.py", line 143, in dispatch
    return handler(request, *args, **kwargs)
           ^^^^^^^^^^^^^^^^^^^^^^^^^^^^^^^^^
  File "C:\Users\Ильназ\PycharmProjects\News_project\NewsPaper\news\views.py", line 76, in get
    return HttpResponse(render(request, self.template_name, context))
                        ^^^^^^^^^^^^^^^^^^^^^^^^^^^^^^^^^^^^^^^^^^^^
  File "C:\Users\Ильназ\PycharmProjects\News_project\.venv\Lib\site-packages\django\shortcuts.py", line 25, in render
    content = loader.render_to_string(template_name, context, request, using=using)
              ^^^^^^^^^^^^^^^^^^^^^^^^^^^^^^^^^^^^^^^^^^^^^^^^^^^^^^^^^^^^^^^^^^^^^
  File "C:\Users\Ильназ\PycharmProjects\News_project\.venv\Lib\site-packages\django\template\loader.py", line 62, in render_to_string
    return template.render(context, request)
           ^^^^^^^^^^^^^^^^^^^^^^^^^^^^^^^^^
  File "C:\Users\Ильназ\PycharmProjects\News_project\.venv\Lib\site-packages\django\template\backends\django.py", line 107, in render
    return self.template.render(context)
           ^^^^^^^^^^^^^^^^^^^^^^^^^^^^^
  File "C:\Users\Ильназ\PycharmProjects\News_project\.venv\Lib\site-packages\django\template\base.py", line 171, in render
    return self._render(context)
           ^^^^^^^^^^^^^^^^^^^^^
  File "C:\Users\Ильназ\PycharmProjects\News_project\.venv\Lib\site-packages\django\template\base.py", line 163, in _render
    return self.nodelist.render(context)
           ^^^^^^^^^^^^^^^^^^^^^^^^^^^^^
  File "C:\Users\Ильназ\PycharmProjects\News_project\.venv\Lib\site-packages\django\template\base.py", line 1016, in render
    return SafeString("".join([node.render_annotated(context) for node in self]))
                              ^^^^^^^^^^^^^^^^^^^^^^^^^^^^^^^^^^^^^^^^^^^^^^^^^
  File "C:\Users\Ильназ\PycharmProjects\News_project\.venv\Lib\site-packages\django\template\base.py", line 1016, in <listcomp>
    return SafeString("".join([node.render_annotated(context) for node in self]))
                               ^^^^^^^^^^^^^^^^^^^^^^^^^^^^^^
  File "C:\Users\Ильназ\PycharmProjects\News_project\.venv\Lib\site-packages\django\template\base.py", line 977, in render_annotated
    return self.render(context)
           ^^^^^^^^^^^^^^^^^^^^
  File "C:\Users\Ильназ\PycharmProjects\News_project\.venv\Lib\site-packages\django\template\loader_tags.py", line 159, in render
    return compiled_parent._render(context)
           ^^^^^^^^^^^^^^^^^^^^^^^^^^^^^^^^
  File "C:\Users\Ильназ\PycharmProjects\News_project\.venv\Lib\site-packages\django\template\base.py", line 163, in _render
    return self.nodelist.render(context)
           ^^^^^^^^^^^^^^^^^^^^^^^^^^^^^
  File "C:\Users\Ильназ\PycharmProjects\News_project\.venv\Lib\site-packages\django\template\base.py", line 1016, in render
    return SafeString("".join([node.render_annotated(context) for node in self]))
                              ^^^^^^^^^^^^^^^^^^^^^^^^^^^^^^^^^^^^^^^^^^^^^^^^^
  File "C:\Users\Ильназ\PycharmProjects\News_project\.venv\Lib\site-packages\django\template\base.py", line 1016, in <listcomp>
    return SafeString("".join([node.render_annotated(context) for node in self]))
                               ^^^^^^^^^^^^^^^^^^^^^^^^^^^^^^
  File "C:\Users\Ильназ\PycharmProjects\News_project\.venv\Lib\site-packages\django\template\base.py", line 977, in render_annotated
    return self.render(context)
           ^^^^^^^^^^^^^^^^^^^^
  File "C:\Users\Ильназ\PycharmProjects\News_project\.venv\Lib\site-packages\django\template\loader_tags.py", line 65, in render
    result = block.nodelist.render(context)
             ^^^^^^^^^^^^^^^^^^^^^^^^^^^^^^
  File "C:\Users\Ильназ\PycharmProjects\News_project\.venv\Lib\site-packages\django\template\base.py", line 1016, in render
    return SafeString("".join([node.render_annotated(context) for node in self]))
                              ^^^^^^^^^^^^^^^^^^^^^^^^^^^^^^^^^^^^^^^^^^^^^^^^^
  File "C:\Users\Ильназ\PycharmProjects\News_project\.venv\Lib\site-packages\django\template\base.py", line 1016, in <listcomp>
    return SafeString("".join([node.render_annotated(context) for node in self]))
                               ^^^^^^^^^^^^^^^^^^^^^^^^^^^^^^
  File "C:\Users\Ильназ\PycharmProjects\News_project\.venv\Lib\site-packages\django\template\base.py", line 977, in render_annotated
    return self.render(context)
           ^^^^^^^^^^^^^^^^^^^^
  File "C:\Users\Ильназ\PycharmProjects\News_project\.venv\Lib\site-packages\django\templatetags\tz.py", line 119, in render
    with timezone.override(self.tz.resolve(context)):
  File "C:\Users\Ильназ\PycharmProjects\News_project\.venv\Lib\site-packages\django\utils\timezone.py", line 134, in __enter__
    activate(self.timezone)
  File "C:\Users\Ильназ\PycharmProjects\News_project\.venv\Lib\site-packages\django\utils\timezone.py", line 98, in activate
    _active.value = zoneinfo.ZoneInfo(timezone)
                    ^^^^^^^^^^^^^^^^^^^^^^^^^^^
  File "C:\Program Files\WindowsApps\PythonSoftwareFoundation.Python.3.11_3.11.2544.0_x64__qbz5n2kfra8p0\Lib\zoneinfo\_common.py", line 24, in load_tzdata
    raise ZoneInfoNotFoundError(f"No time zone found with key {key}")
zoneinfo._common.ZoneInfoNotFoundError: 'No time zone found with key -03'
2025-09-15 20:31:59,402 ERROR C:\Users\Ильназ\PycharmProjects\News_project\.venv\Lib\site-packages\django\core\servers\basehttp.py "GET /news/ HTTP/1.1" 500 267152
None
2025-09-15 20:32:00,111 ERROR C:\Users\Ильназ\PycharmProjects\News_project\.venv\Lib\site-packages\django\utils\log.py Internal Server Error: /news/
(<class 'zoneinfo._common.ZoneInfoNotFoundError'>, ZoneInfoNotFoundError('No time zone found with key -03'), <traceback object at 0x000001B189578780>)
Traceback (most recent call last):
  File "C:\Program Files\WindowsApps\PythonSoftwareFoundation.Python.3.11_3.11.2544.0_x64__qbz5n2kfra8p0\Lib\zoneinfo\_common.py", line 12, in load_tzdata
    return resources.files(package_name).joinpath(resource_name).open("rb")
           ^^^^^^^^^^^^^^^^^^^^^^^^^^^^^^^^^^^^^^^^^^^^^^^^^^^^^^^^^^^^^^^^
  File "C:\Program Files\WindowsApps\PythonSoftwareFoundation.Python.3.11_3.11.2544.0_x64__qbz5n2kfra8p0\Lib\pathlib.py", line 1044, in open
    return io.open(self, mode, buffering, encoding, errors, newline)
           ^^^^^^^^^^^^^^^^^^^^^^^^^^^^^^^^^^^^^^^^^^^^^^^^^^^^^^^^^
FileNotFoundError: [Errno 2] No such file or directory: 'C:\\Users\\Ильназ\\PycharmProjects\\News_project\\.venv\\Lib\\site-packages\\tzdata\\zoneinfo\\-03'

During handling of the above exception, another exception occurred:

Traceback (most recent call last):
  File "C:\Users\Ильназ\PycharmProjects\News_project\.venv\Lib\site-packages\django\core\handlers\exception.py", line 55, in inner
    response = get_response(request)
               ^^^^^^^^^^^^^^^^^^^^^
  File "C:\Users\Ильназ\PycharmProjects\News_project\.venv\Lib\site-packages\django\core\handlers\base.py", line 197, in _get_response
    response = wrapped_callback(request, *callback_args, **callback_kwargs)
               ^^^^^^^^^^^^^^^^^^^^^^^^^^^^^^^^^^^^^^^^^^^^^^^^^^^^^^^^^^^^
  File "C:\Users\Ильназ\PycharmProjects\News_project\.venv\Lib\site-packages\django\utils\decorators.py", line 192, in _view_wrapper
    result = _process_exception(request, e)
             ^^^^^^^^^^^^^^^^^^^^^^^^^^^^^^
  File "C:\Users\Ильназ\PycharmProjects\News_project\.venv\Lib\site-packages\django\utils\decorators.py", line 190, in _view_wrapper
    response = view_func(request, *args, **kwargs)
               ^^^^^^^^^^^^^^^^^^^^^^^^^^^^^^^^^^^
  File "C:\Users\Ильназ\PycharmProjects\News_project\.venv\Lib\site-packages\django\views\generic\base.py", line 104, in view
    return self.dispatch(request, *args, **kwargs)
           ^^^^^^^^^^^^^^^^^^^^^^^^^^^^^^^^^^^^^^^
  File "C:\Users\Ильназ\PycharmProjects\News_project\.venv\Lib\site-packages\django\views\generic\base.py", line 143, in dispatch
    return handler(request, *args, **kwargs)
           ^^^^^^^^^^^^^^^^^^^^^^^^^^^^^^^^^
  File "C:\Users\Ильназ\PycharmProjects\News_project\NewsPaper\news\views.py", line 76, in get
    return HttpResponse(render(request, self.template_name, context))
                        ^^^^^^^^^^^^^^^^^^^^^^^^^^^^^^^^^^^^^^^^^^^^
  File "C:\Users\Ильназ\PycharmProjects\News_project\.venv\Lib\site-packages\django\shortcuts.py", line 25, in render
    content = loader.render_to_string(template_name, context, request, using=using)
              ^^^^^^^^^^^^^^^^^^^^^^^^^^^^^^^^^^^^^^^^^^^^^^^^^^^^^^^^^^^^^^^^^^^^^
  File "C:\Users\Ильназ\PycharmProjects\News_project\.venv\Lib\site-packages\django\template\loader.py", line 62, in render_to_string
    return template.render(context, request)
           ^^^^^^^^^^^^^^^^^^^^^^^^^^^^^^^^^
  File "C:\Users\Ильназ\PycharmProjects\News_project\.venv\Lib\site-packages\django\template\backends\django.py", line 107, in render
    return self.template.render(context)
           ^^^^^^^^^^^^^^^^^^^^^^^^^^^^^
  File "C:\Users\Ильназ\PycharmProjects\News_project\.venv\Lib\site-packages\django\template\base.py", line 171, in render
    return self._render(context)
           ^^^^^^^^^^^^^^^^^^^^^
  File "C:\Users\Ильназ\PycharmProjects\News_project\.venv\Lib\site-packages\django\template\base.py", line 163, in _render
    return self.nodelist.render(context)
           ^^^^^^^^^^^^^^^^^^^^^^^^^^^^^
  File "C:\Users\Ильназ\PycharmProjects\News_project\.venv\Lib\site-packages\django\template\base.py", line 1016, in render
    return SafeString("".join([node.render_annotated(context) for node in self]))
                              ^^^^^^^^^^^^^^^^^^^^^^^^^^^^^^^^^^^^^^^^^^^^^^^^^
  File "C:\Users\Ильназ\PycharmProjects\News_project\.venv\Lib\site-packages\django\template\base.py", line 1016, in <listcomp>
    return SafeString("".join([node.render_annotated(context) for node in self]))
                               ^^^^^^^^^^^^^^^^^^^^^^^^^^^^^^
  File "C:\Users\Ильназ\PycharmProjects\News_project\.venv\Lib\site-packages\django\template\base.py", line 977, in render_annotated
    return self.render(context)
           ^^^^^^^^^^^^^^^^^^^^
  File "C:\Users\Ильназ\PycharmProjects\News_project\.venv\Lib\site-packages\django\template\loader_tags.py", line 159, in render
    return compiled_parent._render(context)
           ^^^^^^^^^^^^^^^^^^^^^^^^^^^^^^^^
  File "C:\Users\Ильназ\PycharmProjects\News_project\.venv\Lib\site-packages\django\template\base.py", line 163, in _render
    return self.nodelist.render(context)
           ^^^^^^^^^^^^^^^^^^^^^^^^^^^^^
  File "C:\Users\Ильназ\PycharmProjects\News_project\.venv\Lib\site-packages\django\template\base.py", line 1016, in render
    return SafeString("".join([node.render_annotated(context) for node in self]))
                              ^^^^^^^^^^^^^^^^^^^^^^^^^^^^^^^^^^^^^^^^^^^^^^^^^
  File "C:\Users\Ильназ\PycharmProjects\News_project\.venv\Lib\site-packages\django\template\base.py", line 1016, in <listcomp>
    return SafeString("".join([node.render_annotated(context) for node in self]))
                               ^^^^^^^^^^^^^^^^^^^^^^^^^^^^^^
  File "C:\Users\Ильназ\PycharmProjects\News_project\.venv\Lib\site-packages\django\template\base.py", line 977, in render_annotated
    return self.render(context)
           ^^^^^^^^^^^^^^^^^^^^
  File "C:\Users\Ильназ\PycharmProjects\News_project\.venv\Lib\site-packages\django\template\loader_tags.py", line 65, in render
    result = block.nodelist.render(context)
             ^^^^^^^^^^^^^^^^^^^^^^^^^^^^^^
  File "C:\Users\Ильназ\PycharmProjects\News_project\.venv\Lib\site-packages\django\template\base.py", line 1016, in render
    return SafeString("".join([node.render_annotated(context) for node in self]))
                              ^^^^^^^^^^^^^^^^^^^^^^^^^^^^^^^^^^^^^^^^^^^^^^^^^
  File "C:\Users\Ильназ\PycharmProjects\News_project\.venv\Lib\site-packages\django\template\base.py", line 1016, in <listcomp>
    return SafeString("".join([node.render_annotated(context) for node in self]))
                               ^^^^^^^^^^^^^^^^^^^^^^^^^^^^^^
  File "C:\Users\Ильназ\PycharmProjects\News_project\.venv\Lib\site-packages\django\template\base.py", line 977, in render_annotated
    return self.render(context)
           ^^^^^^^^^^^^^^^^^^^^
  File "C:\Users\Ильназ\PycharmProjects\News_project\.venv\Lib\site-packages\django\templatetags\tz.py", line 119, in render
    with timezone.override(self.tz.resolve(context)):
  File "C:\Users\Ильназ\PycharmProjects\News_project\.venv\Lib\site-packages\django\utils\timezone.py", line 134, in __enter__
    activate(self.timezone)
  File "C:\Users\Ильназ\PycharmProjects\News_project\.venv\Lib\site-packages\django\utils\timezone.py", line 98, in activate
    _active.value = zoneinfo.ZoneInfo(timezone)
                    ^^^^^^^^^^^^^^^^^^^^^^^^^^^
  File "C:\Program Files\WindowsApps\PythonSoftwareFoundation.Python.3.11_3.11.2544.0_x64__qbz5n2kfra8p0\Lib\zoneinfo\_common.py", line 24, in load_tzdata
    raise ZoneInfoNotFoundError(f"No time zone found with key {key}")
zoneinfo._common.ZoneInfoNotFoundError: 'No time zone found with key -03'
2025-09-15 20:32:00,113 ERROR C:\Users\Ильназ\PycharmProjects\News_project\.venv\Lib\site-packages\django\core\servers\basehttp.py "GET /news/ HTTP/1.1" 500 267152
None
2025-09-15 20:32:22,307 ERROR C:\Users\Ильназ\PycharmProjects\News_project\.venv\Lib\site-packages\django\utils\log.py Internal Server Error: /news/
(<class 'zoneinfo._common.ZoneInfoNotFoundError'>, ZoneInfoNotFoundError('No time zone found with key -03'), <traceback object at 0x000001F345334280>)
Traceback (most recent call last):
  File "C:\Program Files\WindowsApps\PythonSoftwareFoundation.Python.3.11_3.11.2544.0_x64__qbz5n2kfra8p0\Lib\zoneinfo\_common.py", line 12, in load_tzdata
    return resources.files(package_name).joinpath(resource_name).open("rb")
           ^^^^^^^^^^^^^^^^^^^^^^^^^^^^^^^^^^^^^^^^^^^^^^^^^^^^^^^^^^^^^^^^
  File "C:\Program Files\WindowsApps\PythonSoftwareFoundation.Python.3.11_3.11.2544.0_x64__qbz5n2kfra8p0\Lib\pathlib.py", line 1044, in open
    return io.open(self, mode, buffering, encoding, errors, newline)
           ^^^^^^^^^^^^^^^^^^^^^^^^^^^^^^^^^^^^^^^^^^^^^^^^^^^^^^^^^
FileNotFoundError: [Errno 2] No such file or directory: 'C:\\Users\\Ильназ\\PycharmProjects\\News_project\\.venv\\Lib\\site-packages\\tzdata\\zoneinfo\\-03'

During handling of the above exception, another exception occurred:

Traceback (most recent call last):
  File "C:\Users\Ильназ\PycharmProjects\News_project\.venv\Lib\site-packages\django\core\handlers\exception.py", line 55, in inner
    response = get_response(request)
               ^^^^^^^^^^^^^^^^^^^^^
  File "C:\Users\Ильназ\PycharmProjects\News_project\.venv\Lib\site-packages\django\core\handlers\base.py", line 197, in _get_response
    response = wrapped_callback(request, *callback_args, **callback_kwargs)
               ^^^^^^^^^^^^^^^^^^^^^^^^^^^^^^^^^^^^^^^^^^^^^^^^^^^^^^^^^^^^
  File "C:\Users\Ильназ\PycharmProjects\News_project\.venv\Lib\site-packages\django\utils\decorators.py", line 192, in _view_wrapper
    result = _process_exception(request, e)
             ^^^^^^^^^^^^^^^^^^^^^^^^^^^^^^
  File "C:\Users\Ильназ\PycharmProjects\News_project\.venv\Lib\site-packages\django\utils\decorators.py", line 190, in _view_wrapper
    response = view_func(request, *args, **kwargs)
               ^^^^^^^^^^^^^^^^^^^^^^^^^^^^^^^^^^^
  File "C:\Users\Ильназ\PycharmProjects\News_project\.venv\Lib\site-packages\django\views\generic\base.py", line 104, in view
    return self.dispatch(request, *args, **kwargs)
           ^^^^^^^^^^^^^^^^^^^^^^^^^^^^^^^^^^^^^^^
  File "C:\Users\Ильназ\PycharmProjects\News_project\.venv\Lib\site-packages\django\views\generic\base.py", line 143, in dispatch
    return handler(request, *args, **kwargs)
           ^^^^^^^^^^^^^^^^^^^^^^^^^^^^^^^^^
  File "C:\Users\Ильназ\PycharmProjects\News_project\NewsPaper\news\views.py", line 76, in get
    return HttpResponse(render(request, self.template_name, context))
                        ^^^^^^^^^^^^^^^^^^^^^^^^^^^^^^^^^^^^^^^^^^^^
  File "C:\Users\Ильназ\PycharmProjects\News_project\.venv\Lib\site-packages\django\shortcuts.py", line 25, in render
    content = loader.render_to_string(template_name, context, request, using=using)
              ^^^^^^^^^^^^^^^^^^^^^^^^^^^^^^^^^^^^^^^^^^^^^^^^^^^^^^^^^^^^^^^^^^^^^
  File "C:\Users\Ильназ\PycharmProjects\News_project\.venv\Lib\site-packages\django\template\loader.py", line 62, in render_to_string
    return template.render(context, request)
           ^^^^^^^^^^^^^^^^^^^^^^^^^^^^^^^^^
  File "C:\Users\Ильназ\PycharmProjects\News_project\.venv\Lib\site-packages\django\template\backends\django.py", line 107, in render
    return self.template.render(context)
           ^^^^^^^^^^^^^^^^^^^^^^^^^^^^^
  File "C:\Users\Ильназ\PycharmProjects\News_project\.venv\Lib\site-packages\django\template\base.py", line 171, in render
    return self._render(context)
           ^^^^^^^^^^^^^^^^^^^^^
  File "C:\Users\Ильназ\PycharmProjects\News_project\.venv\Lib\site-packages\django\template\base.py", line 163, in _render
    return self.nodelist.render(context)
           ^^^^^^^^^^^^^^^^^^^^^^^^^^^^^
  File "C:\Users\Ильназ\PycharmProjects\News_project\.venv\Lib\site-packages\django\template\base.py", line 1016, in render
    return SafeString("".join([node.render_annotated(context) for node in self]))
                              ^^^^^^^^^^^^^^^^^^^^^^^^^^^^^^^^^^^^^^^^^^^^^^^^^
  File "C:\Users\Ильназ\PycharmProjects\News_project\.venv\Lib\site-packages\django\template\base.py", line 1016, in <listcomp>
    return SafeString("".join([node.render_annotated(context) for node in self]))
                               ^^^^^^^^^^^^^^^^^^^^^^^^^^^^^^
  File "C:\Users\Ильназ\PycharmProjects\News_project\.venv\Lib\site-packages\django\template\base.py", line 977, in render_annotated
    return self.render(context)
           ^^^^^^^^^^^^^^^^^^^^
  File "C:\Users\Ильназ\PycharmProjects\News_project\.venv\Lib\site-packages\django\template\loader_tags.py", line 159, in render
    return compiled_parent._render(context)
           ^^^^^^^^^^^^^^^^^^^^^^^^^^^^^^^^
  File "C:\Users\Ильназ\PycharmProjects\News_project\.venv\Lib\site-packages\django\template\base.py", line 163, in _render
    return self.nodelist.render(context)
           ^^^^^^^^^^^^^^^^^^^^^^^^^^^^^
  File "C:\Users\Ильназ\PycharmProjects\News_project\.venv\Lib\site-packages\django\template\base.py", line 1016, in render
    return SafeString("".join([node.render_annotated(context) for node in self]))
                              ^^^^^^^^^^^^^^^^^^^^^^^^^^^^^^^^^^^^^^^^^^^^^^^^^
  File "C:\Users\Ильназ\PycharmProjects\News_project\.venv\Lib\site-packages\django\template\base.py", line 1016, in <listcomp>
    return SafeString("".join([node.render_annotated(context) for node in self]))
                               ^^^^^^^^^^^^^^^^^^^^^^^^^^^^^^
  File "C:\Users\Ильназ\PycharmProjects\News_project\.venv\Lib\site-packages\django\template\base.py", line 977, in render_annotated
    return self.render(context)
           ^^^^^^^^^^^^^^^^^^^^
  File "C:\Users\Ильназ\PycharmProjects\News_project\.venv\Lib\site-packages\django\template\loader_tags.py", line 65, in render
    result = block.nodelist.render(context)
             ^^^^^^^^^^^^^^^^^^^^^^^^^^^^^^
  File "C:\Users\Ильназ\PycharmProjects\News_project\.venv\Lib\site-packages\django\template\base.py", line 1016, in render
    return SafeString("".join([node.render_annotated(context) for node in self]))
                              ^^^^^^^^^^^^^^^^^^^^^^^^^^^^^^^^^^^^^^^^^^^^^^^^^
  File "C:\Users\Ильназ\PycharmProjects\News_project\.venv\Lib\site-packages\django\template\base.py", line 1016, in <listcomp>
    return SafeString("".join([node.render_annotated(context) for node in self]))
                               ^^^^^^^^^^^^^^^^^^^^^^^^^^^^^^
  File "C:\Users\Ильназ\PycharmProjects\News_project\.venv\Lib\site-packages\django\template\base.py", line 977, in render_annotated
    return self.render(context)
           ^^^^^^^^^^^^^^^^^^^^
  File "C:\Users\Ильназ\PycharmProjects\News_project\.venv\Lib\site-packages\django\templatetags\tz.py", line 119, in render
    with timezone.override(self.tz.resolve(context)):
  File "C:\Users\Ильназ\PycharmProjects\News_project\.venv\Lib\site-packages\django\utils\timezone.py", line 134, in __enter__
    activate(self.timezone)
  File "C:\Users\Ильназ\PycharmProjects\News_project\.venv\Lib\site-packages\django\utils\timezone.py", line 98, in activate
    _active.value = zoneinfo.ZoneInfo(timezone)
                    ^^^^^^^^^^^^^^^^^^^^^^^^^^^
  File "C:\Program Files\WindowsApps\PythonSoftwareFoundation.Python.3.11_3.11.2544.0_x64__qbz5n2kfra8p0\Lib\zoneinfo\_common.py", line 24, in load_tzdata
    raise ZoneInfoNotFoundError(f"No time zone found with key {key}")
zoneinfo._common.ZoneInfoNotFoundError: 'No time zone found with key -03'
2025-09-15 20:32:22,311 ERROR C:\Users\Ильназ\PycharmProjects\News_project\.venv\Lib\site-packages\django\core\servers\basehttp.py "GET /news/ HTTP/1.1" 500 267015
None
2025-09-15 20:48:14,876 ERROR C:\Users\Ильназ\PycharmProjects\News_project\.venv\Lib\site-packages\django\utils\log.py Internal Server Error: /news/
(<class 'django.template.exceptions.TemplateSyntaxError'>, TemplateSyntaxError("'theme_tags' is not a registered tag library. Must be one of:\naccount\nadmin_list\nadmin_modify\nadmin_urls\nallauth\ncache\ncensor_filters\ncustom_filters\ncustom_tags\nflatpages\ni18n\nl10n\nlog\nsocialaccount\nstatic\ntz"), <traceback object at 0x0000011D0CE9A880>)
Traceback (most recent call last):
  File "C:\Users\Ильназ\PycharmProjects\News_project\.venv\Lib\site-packages\django\template\defaulttags.py", line 1035, in find_library
    return parser.libraries[name]
           ~~~~~~~~~~~~~~~~^^^^^^
KeyError: 'theme_tags'

During handling of the above exception, another exception occurred:

Traceback (most recent call last):
  File "C:\Users\Ильназ\PycharmProjects\News_project\.venv\Lib\site-packages\django\core\handlers\exception.py", line 55, in inner
    response = get_response(request)
               ^^^^^^^^^^^^^^^^^^^^^
  File "C:\Users\Ильназ\PycharmProjects\News_project\.venv\Lib\site-packages\django\core\handlers\base.py", line 197, in _get_response
    response = wrapped_callback(request, *callback_args, **callback_kwargs)
               ^^^^^^^^^^^^^^^^^^^^^^^^^^^^^^^^^^^^^^^^^^^^^^^^^^^^^^^^^^^^
  File "C:\Users\Ильназ\PycharmProjects\News_project\.venv\Lib\site-packages\django\utils\decorators.py", line 192, in _view_wrapper
    result = _process_exception(request, e)
             ^^^^^^^^^^^^^^^^^^^^^^^^^^^^^^
  File "C:\Users\Ильназ\PycharmProjects\News_project\.venv\Lib\site-packages\django\utils\decorators.py", line 190, in _view_wrapper
    response = view_func(request, *args, **kwargs)
               ^^^^^^^^^^^^^^^^^^^^^^^^^^^^^^^^^^^
  File "C:\Users\Ильназ\PycharmProjects\News_project\.venv\Lib\site-packages\django\views\generic\base.py", line 104, in view
    return self.dispatch(request, *args, **kwargs)
           ^^^^^^^^^^^^^^^^^^^^^^^^^^^^^^^^^^^^^^^
  File "C:\Users\Ильназ\PycharmProjects\News_project\.venv\Lib\site-packages\django\views\generic\base.py", line 143, in dispatch
    return handler(request, *args, **kwargs)
           ^^^^^^^^^^^^^^^^^^^^^^^^^^^^^^^^^
  File "C:\Users\Ильназ\PycharmProjects\News_project\NewsPaper\news\views.py", line 76, in get
    return HttpResponse(render(request, self.template_name, context))
                        ^^^^^^^^^^^^^^^^^^^^^^^^^^^^^^^^^^^^^^^^^^^^
  File "C:\Users\Ильназ\PycharmProjects\News_project\.venv\Lib\site-packages\django\shortcuts.py", line 25, in render
    content = loader.render_to_string(template_name, context, request, using=using)
              ^^^^^^^^^^^^^^^^^^^^^^^^^^^^^^^^^^^^^^^^^^^^^^^^^^^^^^^^^^^^^^^^^^^^^
  File "C:\Users\Ильназ\PycharmProjects\News_project\.venv\Lib\site-packages\django\template\loader.py", line 61, in render_to_string
    template = get_template(template_name, using=using)
               ^^^^^^^^^^^^^^^^^^^^^^^^^^^^^^^^^^^^^^^^
  File "C:\Users\Ильназ\PycharmProjects\News_project\.venv\Lib\site-packages\django\template\loader.py", line 15, in get_template
    return engine.get_template(template_name)
           ^^^^^^^^^^^^^^^^^^^^^^^^^^^^^^^^^^
  File "C:\Users\Ильназ\PycharmProjects\News_project\.venv\Lib\site-packages\django\template\backends\django.py", line 79, in get_template
    return Template(self.engine.get_template(template_name), self)
                    ^^^^^^^^^^^^^^^^^^^^^^^^^^^^^^^^^^^^^^^
  File "C:\Users\Ильназ\PycharmProjects\News_project\.venv\Lib\site-packages\django\template\engine.py", line 177, in get_template
    template, origin = self.find_template(template_name)
                       ^^^^^^^^^^^^^^^^^^^^^^^^^^^^^^^^^
  File "C:\Users\Ильназ\PycharmProjects\News_project\.venv\Lib\site-packages\django\template\engine.py", line 159, in find_template
    template = loader.get_template(name, skip=skip)
               ^^^^^^^^^^^^^^^^^^^^^^^^^^^^^^^^^^^^
  File "C:\Users\Ильназ\PycharmProjects\News_project\.venv\Lib\site-packages\django\template\loaders\cached.py", line 57, in get_template
    template = super().get_template(template_name, skip)
               ^^^^^^^^^^^^^^^^^^^^^^^^^^^^^^^^^^^^^^^^^
  File "C:\Users\Ильназ\PycharmProjects\News_project\.venv\Lib\site-packages\django\template\loaders\base.py", line 28, in get_template
    return Template(
           ^^^^^^^^^
  File "C:\Users\Ильназ\PycharmProjects\News_project\.venv\Lib\site-packages\django\template\base.py", line 154, in __init__
    self.nodelist = self.compile_nodelist()
                    ^^^^^^^^^^^^^^^^^^^^^^^
  File "C:\Users\Ильназ\PycharmProjects\News_project\.venv\Lib\site-packages\django\template\base.py", line 196, in compile_nodelist
    nodelist = parser.parse()
               ^^^^^^^^^^^^^^
  File "C:\Users\Ильназ\PycharmProjects\News_project\.venv\Lib\site-packages\django\template\base.py", line 518, in parse
    raise self.error(token, e)
  File "C:\Users\Ильназ\PycharmProjects\News_project\.venv\Lib\site-packages\django\template\base.py", line 516, in parse
    compiled_result = compile_func(self, token)
                      ^^^^^^^^^^^^^^^^^^^^^^^^^
  File "C:\Users\Ильназ\PycharmProjects\News_project\.venv\Lib\site-packages\django\template\loader_tags.py", line 299, in do_extends
    nodelist = parser.parse()
               ^^^^^^^^^^^^^^
  File "C:\Users\Ильназ\PycharmProjects\News_project\.venv\Lib\site-packages\django\template\base.py", line 518, in parse
    raise self.error(token, e)
  File "C:\Users\Ильназ\PycharmProjects\News_project\.venv\Lib\site-packages\django\template\base.py", line 516, in parse
    compiled_result = compile_func(self, token)
                      ^^^^^^^^^^^^^^^^^^^^^^^^^
  File "C:\Users\Ильназ\PycharmProjects\News_project\.venv\Lib\site-packages\django\template\defaulttags.py", line 1097, in load
    lib = find_library(parser, name)
          ^^^^^^^^^^^^^^^^^^^^^^^^^^
  File "C:\Users\Ильназ\PycharmProjects\News_project\.venv\Lib\site-packages\django\template\defaulttags.py", line 1037, in find_library
    raise TemplateSyntaxError(
django.template.exceptions.TemplateSyntaxError: 'theme_tags' is not a registered tag library. Must be one of:
account
admin_list
admin_modify
admin_urls
allauth
cache
censor_filters
custom_filters
custom_tags
flatpages
i18n
l10n
log
socialaccount
static
tz
2025-09-15 20:48:14,879 ERROR C:\Users\Ильназ\PycharmProjects\News_project\.venv\Lib\site-packages\django\core\servers\basehttp.py "GET /news/ HTTP/1.1" 500 270898
None
2025-09-15 20:51:21,672 ERROR C:\Users\Ильназ\PycharmProjects\News_project\.venv\Lib\site-packages\django\utils\log.py Internal Server Error: /news/
(<class 'django.urls.exceptions.NoReverseMatch'>, NoReverseMatch("Reverse for 'post_list' not found. 'post_list' is not a valid view function or pattern name."), <traceback object at 0x0000011D0D1A0540>)
Traceback (most recent call last):
  File "C:\Users\Ильназ\PycharmProjects\News_project\.venv\Lib\site-packages\django\core\handlers\exception.py", line 55, in inner
    response = get_response(request)
               ^^^^^^^^^^^^^^^^^^^^^
  File "C:\Users\Ильназ\PycharmProjects\News_project\.venv\Lib\site-packages\django\core\handlers\base.py", line 197, in _get_response
    response = wrapped_callback(request, *callback_args, **callback_kwargs)
               ^^^^^^^^^^^^^^^^^^^^^^^^^^^^^^^^^^^^^^^^^^^^^^^^^^^^^^^^^^^^
  File "C:\Users\Ильназ\PycharmProjects\News_project\.venv\Lib\site-packages\django\utils\decorators.py", line 192, in _view_wrapper
    result = _process_exception(request, e)
             ^^^^^^^^^^^^^^^^^^^^^^^^^^^^^^
  File "C:\Users\Ильназ\PycharmProjects\News_project\.venv\Lib\site-packages\django\utils\decorators.py", line 190, in _view_wrapper
    response = view_func(request, *args, **kwargs)
               ^^^^^^^^^^^^^^^^^^^^^^^^^^^^^^^^^^^
  File "C:\Users\Ильназ\PycharmProjects\News_project\.venv\Lib\site-packages\django\views\generic\base.py", line 104, in view
    return self.dispatch(request, *args, **kwargs)
           ^^^^^^^^^^^^^^^^^^^^^^^^^^^^^^^^^^^^^^^
  File "C:\Users\Ильназ\PycharmProjects\News_project\.venv\Lib\site-packages\django\views\generic\base.py", line 143, in dispatch
    return handler(request, *args, **kwargs)
           ^^^^^^^^^^^^^^^^^^^^^^^^^^^^^^^^^
  File "C:\Users\Ильназ\PycharmProjects\News_project\NewsPaper\news\views.py", line 76, in get
    return HttpResponse(render(request, self.template_name, context))
                        ^^^^^^^^^^^^^^^^^^^^^^^^^^^^^^^^^^^^^^^^^^^^
  File "C:\Users\Ильназ\PycharmProjects\News_project\.venv\Lib\site-packages\django\shortcuts.py", line 25, in render
    content = loader.render_to_string(template_name, context, request, using=using)
              ^^^^^^^^^^^^^^^^^^^^^^^^^^^^^^^^^^^^^^^^^^^^^^^^^^^^^^^^^^^^^^^^^^^^^
  File "C:\Users\Ильназ\PycharmProjects\News_project\.venv\Lib\site-packages\django\template\loader.py", line 62, in render_to_string
    return template.render(context, request)
           ^^^^^^^^^^^^^^^^^^^^^^^^^^^^^^^^^
  File "C:\Users\Ильназ\PycharmProjects\News_project\.venv\Lib\site-packages\django\template\backends\django.py", line 107, in render
    return self.template.render(context)
           ^^^^^^^^^^^^^^^^^^^^^^^^^^^^^
  File "C:\Users\Ильназ\PycharmProjects\News_project\.venv\Lib\site-packages\django\template\base.py", line 171, in render
    return self._render(context)
           ^^^^^^^^^^^^^^^^^^^^^
  File "C:\Users\Ильназ\PycharmProjects\News_project\.venv\Lib\site-packages\django\template\base.py", line 163, in _render
    return self.nodelist.render(context)
           ^^^^^^^^^^^^^^^^^^^^^^^^^^^^^
  File "C:\Users\Ильназ\PycharmProjects\News_project\.venv\Lib\site-packages\django\template\base.py", line 1016, in render
    return SafeString("".join([node.render_annotated(context) for node in self]))
                              ^^^^^^^^^^^^^^^^^^^^^^^^^^^^^^^^^^^^^^^^^^^^^^^^^
  File "C:\Users\Ильназ\PycharmProjects\News_project\.venv\Lib\site-packages\django\template\base.py", line 1016, in <listcomp>
    return SafeString("".join([node.render_annotated(context) for node in self]))
                               ^^^^^^^^^^^^^^^^^^^^^^^^^^^^^^
  File "C:\Users\Ильназ\PycharmProjects\News_project\.venv\Lib\site-packages\django\template\base.py", line 977, in render_annotated
    return self.render(context)
           ^^^^^^^^^^^^^^^^^^^^
  File "C:\Users\Ильназ\PycharmProjects\News_project\.venv\Lib\site-packages\django\template\loader_tags.py", line 159, in render
    return compiled_parent._render(context)
           ^^^^^^^^^^^^^^^^^^^^^^^^^^^^^^^^
  File "C:\Users\Ильназ\PycharmProjects\News_project\.venv\Lib\site-packages\django\template\base.py", line 163, in _render
    return self.nodelist.render(context)
           ^^^^^^^^^^^^^^^^^^^^^^^^^^^^^
  File "C:\Users\Ильназ\PycharmProjects\News_project\.venv\Lib\site-packages\django\template\base.py", line 1016, in render
    return SafeString("".join([node.render_annotated(context) for node in self]))
                              ^^^^^^^^^^^^^^^^^^^^^^^^^^^^^^^^^^^^^^^^^^^^^^^^^
  File "C:\Users\Ильназ\PycharmProjects\News_project\.venv\Lib\site-packages\django\template\base.py", line 1016, in <listcomp>
    return SafeString("".join([node.render_annotated(context) for node in self]))
                               ^^^^^^^^^^^^^^^^^^^^^^^^^^^^^^
  File "C:\Users\Ильназ\PycharmProjects\News_project\.venv\Lib\site-packages\django\template\base.py", line 977, in render_annotated
    return self.render(context)
           ^^^^^^^^^^^^^^^^^^^^
  File "C:\Users\Ильназ\PycharmProjects\News_project\.venv\Lib\site-packages\django\template\loader_tags.py", line 65, in render
    result = block.nodelist.render(context)
             ^^^^^^^^^^^^^^^^^^^^^^^^^^^^^^
  File "C:\Users\Ильназ\PycharmProjects\News_project\.venv\Lib\site-packages\django\template\base.py", line 1016, in render
    return SafeString("".join([node.render_annotated(context) for node in self]))
                              ^^^^^^^^^^^^^^^^^^^^^^^^^^^^^^^^^^^^^^^^^^^^^^^^^
  File "C:\Users\Ильназ\PycharmProjects\News_project\.venv\Lib\site-packages\django\template\base.py", line 1016, in <listcomp>
    return SafeString("".join([node.render_annotated(context) for node in self]))
                               ^^^^^^^^^^^^^^^^^^^^^^^^^^^^^^
  File "C:\Users\Ильназ\PycharmProjects\News_project\.venv\Lib\site-packages\django\template\base.py", line 977, in render_annotated
    return self.render(context)
           ^^^^^^^^^^^^^^^^^^^^
  File "C:\Users\Ильназ\PycharmProjects\News_project\.venv\Lib\site-packages\django\template\defaulttags.py", line 550, in render
    return self.nodelist.render(context)
           ^^^^^^^^^^^^^^^^^^^^^^^^^^^^^
  File "C:\Users\Ильназ\PycharmProjects\News_project\.venv\Lib\site-packages\django\template\base.py", line 1016, in render
    return SafeString("".join([node.render_annotated(context) for node in self]))
                              ^^^^^^^^^^^^^^^^^^^^^^^^^^^^^^^^^^^^^^^^^^^^^^^^^
  File "C:\Users\Ильназ\PycharmProjects\News_project\.venv\Lib\site-packages\django\template\base.py", line 1016, in <listcomp>
    return SafeString("".join([node.render_annotated(context) for node in self]))
                               ^^^^^^^^^^^^^^^^^^^^^^^^^^^^^^
  File "C:\Users\Ильназ\PycharmProjects\News_project\.venv\Lib\site-packages\django\template\base.py", line 977, in render_annotated
    return self.render(context)
           ^^^^^^^^^^^^^^^^^^^^
  File "C:\Users\Ильназ\PycharmProjects\News_project\.venv\Lib\site-packages\django\template\defaulttags.py", line 480, in render
    url = reverse(view_name, args=args, kwargs=kwargs, current_app=current_app)
          ^^^^^^^^^^^^^^^^^^^^^^^^^^^^^^^^^^^^^^^^^^^^^^^^^^^^^^^^^^^^^^^^^^^^^
  File "C:\Users\Ильназ\PycharmProjects\News_project\.venv\Lib\site-packages\django\urls\base.py", line 98, in reverse
    resolved_url = resolver._reverse_with_prefix(view, prefix, *args, **kwargs)
                   ^^^^^^^^^^^^^^^^^^^^^^^^^^^^^^^^^^^^^^^^^^^^^^^^^^^^^^^^^^^^
  File "C:\Users\Ильназ\PycharmProjects\News_project\.venv\Lib\site-packages\django\urls\resolvers.py", line 831, in _reverse_with_prefix
    raise NoReverseMatch(msg)
django.urls.exceptions.NoReverseMatch: Reverse for 'post_list' not found. 'post_list' is not a valid view function or pattern name.
2025-09-15 20:51:21,674 ERROR C:\Users\Ильназ\PycharmProjects\News_project\.venv\Lib\site-packages\django\core\servers\basehttp.py "GET /news/ HTTP/1.1" 500 296768
None
2025-09-15 20:51:24,231 ERROR C:\Users\Ильназ\PycharmProjects\News_project\.venv\Lib\site-packages\django\utils\log.py Internal Server Error: /news/
(<class 'django.urls.exceptions.NoReverseMatch'>, NoReverseMatch("Reverse for 'post_list' not found. 'post_list' is not a valid view function or pattern name."), <traceback object at 0x0000011D0D302D40>)
Traceback (most recent call last):
  File "C:\Users\Ильназ\PycharmProjects\News_project\.venv\Lib\site-packages\django\core\handlers\exception.py", line 55, in inner
    response = get_response(request)
               ^^^^^^^^^^^^^^^^^^^^^
  File "C:\Users\Ильназ\PycharmProjects\News_project\.venv\Lib\site-packages\django\core\handlers\base.py", line 197, in _get_response
    response = wrapped_callback(request, *callback_args, **callback_kwargs)
               ^^^^^^^^^^^^^^^^^^^^^^^^^^^^^^^^^^^^^^^^^^^^^^^^^^^^^^^^^^^^
  File "C:\Users\Ильназ\PycharmProjects\News_project\.venv\Lib\site-packages\django\utils\decorators.py", line 192, in _view_wrapper
    result = _process_exception(request, e)
             ^^^^^^^^^^^^^^^^^^^^^^^^^^^^^^
  File "C:\Users\Ильназ\PycharmProjects\News_project\.venv\Lib\site-packages\django\utils\decorators.py", line 190, in _view_wrapper
    response = view_func(request, *args, **kwargs)
               ^^^^^^^^^^^^^^^^^^^^^^^^^^^^^^^^^^^
  File "C:\Users\Ильназ\PycharmProjects\News_project\.venv\Lib\site-packages\django\views\generic\base.py", line 104, in view
    return self.dispatch(request, *args, **kwargs)
           ^^^^^^^^^^^^^^^^^^^^^^^^^^^^^^^^^^^^^^^
  File "C:\Users\Ильназ\PycharmProjects\News_project\.venv\Lib\site-packages\django\views\generic\base.py", line 143, in dispatch
    return handler(request, *args, **kwargs)
           ^^^^^^^^^^^^^^^^^^^^^^^^^^^^^^^^^
  File "C:\Users\Ильназ\PycharmProjects\News_project\NewsPaper\news\views.py", line 76, in get
    return HttpResponse(render(request, self.template_name, context))
                        ^^^^^^^^^^^^^^^^^^^^^^^^^^^^^^^^^^^^^^^^^^^^
  File "C:\Users\Ильназ\PycharmProjects\News_project\.venv\Lib\site-packages\django\shortcuts.py", line 25, in render
    content = loader.render_to_string(template_name, context, request, using=using)
              ^^^^^^^^^^^^^^^^^^^^^^^^^^^^^^^^^^^^^^^^^^^^^^^^^^^^^^^^^^^^^^^^^^^^^
  File "C:\Users\Ильназ\PycharmProjects\News_project\.venv\Lib\site-packages\django\template\loader.py", line 62, in render_to_string
    return template.render(context, request)
           ^^^^^^^^^^^^^^^^^^^^^^^^^^^^^^^^^
  File "C:\Users\Ильназ\PycharmProjects\News_project\.venv\Lib\site-packages\django\template\backends\django.py", line 107, in render
    return self.template.render(context)
           ^^^^^^^^^^^^^^^^^^^^^^^^^^^^^
  File "C:\Users\Ильназ\PycharmProjects\News_project\.venv\Lib\site-packages\django\template\base.py", line 171, in render
    return self._render(context)
           ^^^^^^^^^^^^^^^^^^^^^
  File "C:\Users\Ильназ\PycharmProjects\News_project\.venv\Lib\site-packages\django\template\base.py", line 163, in _render
    return self.nodelist.render(context)
           ^^^^^^^^^^^^^^^^^^^^^^^^^^^^^
  File "C:\Users\Ильназ\PycharmProjects\News_project\.venv\Lib\site-packages\django\template\base.py", line 1016, in render
    return SafeString("".join([node.render_annotated(context) for node in self]))
                              ^^^^^^^^^^^^^^^^^^^^^^^^^^^^^^^^^^^^^^^^^^^^^^^^^
  File "C:\Users\Ильназ\PycharmProjects\News_project\.venv\Lib\site-packages\django\template\base.py", line 1016, in <listcomp>
    return SafeString("".join([node.render_annotated(context) for node in self]))
                               ^^^^^^^^^^^^^^^^^^^^^^^^^^^^^^
  File "C:\Users\Ильназ\PycharmProjects\News_project\.venv\Lib\site-packages\django\template\base.py", line 977, in render_annotated
    return self.render(context)
           ^^^^^^^^^^^^^^^^^^^^
  File "C:\Users\Ильназ\PycharmProjects\News_project\.venv\Lib\site-packages\django\template\loader_tags.py", line 159, in render
    return compiled_parent._render(context)
           ^^^^^^^^^^^^^^^^^^^^^^^^^^^^^^^^
  File "C:\Users\Ильназ\PycharmProjects\News_project\.venv\Lib\site-packages\django\template\base.py", line 163, in _render
    return self.nodelist.render(context)
           ^^^^^^^^^^^^^^^^^^^^^^^^^^^^^
  File "C:\Users\Ильназ\PycharmProjects\News_project\.venv\Lib\site-packages\django\template\base.py", line 1016, in render
    return SafeString("".join([node.render_annotated(context) for node in self]))
                              ^^^^^^^^^^^^^^^^^^^^^^^^^^^^^^^^^^^^^^^^^^^^^^^^^
  File "C:\Users\Ильназ\PycharmProjects\News_project\.venv\Lib\site-packages\django\template\base.py", line 1016, in <listcomp>
    return SafeString("".join([node.render_annotated(context) for node in self]))
                               ^^^^^^^^^^^^^^^^^^^^^^^^^^^^^^
  File "C:\Users\Ильназ\PycharmProjects\News_project\.venv\Lib\site-packages\django\template\base.py", line 977, in render_annotated
    return self.render(context)
           ^^^^^^^^^^^^^^^^^^^^
  File "C:\Users\Ильназ\PycharmProjects\News_project\.venv\Lib\site-packages\django\template\loader_tags.py", line 65, in render
    result = block.nodelist.render(context)
             ^^^^^^^^^^^^^^^^^^^^^^^^^^^^^^
  File "C:\Users\Ильназ\PycharmProjects\News_project\.venv\Lib\site-packages\django\template\base.py", line 1016, in render
    return SafeString("".join([node.render_annotated(context) for node in self]))
                              ^^^^^^^^^^^^^^^^^^^^^^^^^^^^^^^^^^^^^^^^^^^^^^^^^
  File "C:\Users\Ильназ\PycharmProjects\News_project\.venv\Lib\site-packages\django\template\base.py", line 1016, in <listcomp>
    return SafeString("".join([node.render_annotated(context) for node in self]))
                               ^^^^^^^^^^^^^^^^^^^^^^^^^^^^^^
  File "C:\Users\Ильназ\PycharmProjects\News_project\.venv\Lib\site-packages\django\template\base.py", line 977, in render_annotated
    return self.render(context)
           ^^^^^^^^^^^^^^^^^^^^
  File "C:\Users\Ильназ\PycharmProjects\News_project\.venv\Lib\site-packages\django\template\defaulttags.py", line 550, in render
    return self.nodelist.render(context)
           ^^^^^^^^^^^^^^^^^^^^^^^^^^^^^
  File "C:\Users\Ильназ\PycharmProjects\News_project\.venv\Lib\site-packages\django\template\base.py", line 1016, in render
    return SafeString("".join([node.render_annotated(context) for node in self]))
                              ^^^^^^^^^^^^^^^^^^^^^^^^^^^^^^^^^^^^^^^^^^^^^^^^^
  File "C:\Users\Ильназ\PycharmProjects\News_project\.venv\Lib\site-packages\django\template\base.py", line 1016, in <listcomp>
    return SafeString("".join([node.render_annotated(context) for node in self]))
                               ^^^^^^^^^^^^^^^^^^^^^^^^^^^^^^
  File "C:\Users\Ильназ\PycharmProjects\News_project\.venv\Lib\site-packages\django\template\base.py", line 977, in render_annotated
    return self.render(context)
           ^^^^^^^^^^^^^^^^^^^^
  File "C:\Users\Ильназ\PycharmProjects\News_project\.venv\Lib\site-packages\django\template\defaulttags.py", line 480, in render
    url = reverse(view_name, args=args, kwargs=kwargs, current_app=current_app)
          ^^^^^^^^^^^^^^^^^^^^^^^^^^^^^^^^^^^^^^^^^^^^^^^^^^^^^^^^^^^^^^^^^^^^^
  File "C:\Users\Ильназ\PycharmProjects\News_project\.venv\Lib\site-packages\django\urls\base.py", line 98, in reverse
    resolved_url = resolver._reverse_with_prefix(view, prefix, *args, **kwargs)
                   ^^^^^^^^^^^^^^^^^^^^^^^^^^^^^^^^^^^^^^^^^^^^^^^^^^^^^^^^^^^^
  File "C:\Users\Ильназ\PycharmProjects\News_project\.venv\Lib\site-packages\django\urls\resolvers.py", line 831, in _reverse_with_prefix
    raise NoReverseMatch(msg)
django.urls.exceptions.NoReverseMatch: Reverse for 'post_list' not found. 'post_list' is not a valid view function or pattern name.
2025-09-15 20:51:24,233 ERROR C:\Users\Ильназ\PycharmProjects\News_project\.venv\Lib\site-packages\django\core\servers\basehttp.py "GET /news/ HTTP/1.1" 500 296768
None
